seller_id,total_orders,pct_late,avg_review_score,risk_score,risk_tier
90d4125885ab6c86e8820a722be71974,5,1.0,1.0,0.92,High
a0e19590a0923cdd0614ea9427713ced,7,1.0,1.0,0.92,High
3bfad056cf05c00dabe2f895925d83b1,5,1.0,1.0,0.92,High
4342d4b2ba6b161468c63a7e7cfce593,20,0.95,1.263157894736842,0.8689473684210526,High
8d92f3ea807b89465643c219455e7369,8,0.875,1.0,0.8450000000000001,High
64b87978a11c1ea7501a89eabe8c2c1a,7,1.0,2.0,0.84,High
8c3b533c63cca56240f94f1e3a6b18ef,8,0.875,1.3333333333333333,0.8183333333333334,High
4e2627090e6e5b9fabba883a37897683,5,0.8,1.0,0.8,High
7994081388d55b9cf976c050653dd359,6,0.8333333333333334,1.6666666666666667,0.7666666666666666,High
6ee85be3693ed79a8e80718743d80655,13,0.7692307692307692,1.9230769230769231,0.7076923076923076,High
44f091b5abab8018f682fce8124b85e5,6,0.8333333333333334,2.5,0.7,High
b1b3948701c5c72445495bd161b83a4c,18,0.7222222222222222,1.7222222222222223,0.6955555555555555,High
eebb3372362aa9a46975164bed19a7e7,8,0.75,2.2857142857142856,0.6671428571428571,High
ec2e006556300a79a5a91e4876ab3a56,8,0.625,1.375,0.665,High
633ecdf879b94b5337cca303328e4a25,6,0.6666666666666667,1.8,0.656,High
fa74b2f3287d296e9fbd2cc80f2d1cf1,11,0.7272727272727273,2.3636363636363638,0.6472727272727272,High
312ba1d77e9c332ef21f9598b7f64cd7,10,0.7,2.7,0.604,High
08cdbae123ff67ca4e36d9d641ce0119,6,0.6666666666666667,2.5,0.6000000000000001,High
ffff564a4f9085cd26170f4732393726,20,0.6,2.1,0.592,High
8d899e15a5925f097cca50faa49b15e3,10,0.6,2.5,0.56,High
8b87cd0d43d49b9bdf40f56229364d59,5,0.6,2.6,0.552,High
4b1eaadf791bdbbad8c4a35b65236d52,8,0.5,2.0,0.54,High
8a87611c08849ffeeccab52aa798b6c7,14,0.5714285714285714,2.642857142857143,0.5314285714285714,High
6219ba2359cfb97f2e38fd4c321eb309,6,0.6666666666666667,3.4,0.528,High
4e8dacf3d38f281ae26c3e0321d92d88,15,0.5333333333333333,2.466666666666667,0.5226666666666666,High
b5abf4f36adc043117b4fca82c22984c,12,0.5,2.4166666666666665,0.5066666666666667,High
cf8ab1616079e2793aa29d524df01bb1,9,0.4444444444444444,2.0,0.5066666666666666,High
427165bf50f8ca07efc7bdc2bfcf1688,5,0.6,3.2,0.504,High
2709af9587499e95e803a6498a5a56e9,47,0.5106382978723405,2.5652173913043477,0.5011655874190566,High
8bd0e3abda539b9479c4b44a691be1ec,13,0.3846153846153846,1.6923076923076923,0.49538461538461537,High
a4b6b9b992b46e9ef863637af96e04bc,14,0.5,2.5714285714285716,0.4942857142857143,High
fcf16b7a8697e559f0123190bb30177d,7,0.5714285714285714,3.142857142857143,0.4914285714285714,High
20b54c376b794ed028df09a3cd88e8dc,11,0.5454545454545454,3.0,0.48727272727272725,High
6f1a1263039c76e68f40a8e536b1da6a,7,0.4285714285714286,2.142857142857143,0.48571428571428577,High
0d83f8e03188682112cc0d93523705cc,8,0.5,2.75,0.48,High
cb5df0dcb9e280b1780e9d589889f2c7,19,0.4736842105263158,2.5555555555555554,0.47976608187134506,High
c990d6cf976a5718aaedc539f383ab88,11,0.5454545454545454,3.1818181818181817,0.47272727272727266,High
973f21788dfab357250f69a8dcb7ddee,21,0.4285714285714286,2.3333333333333335,0.4704761904761905,High
538caafddff204241cecbf3a02e6b3cf,9,0.4444444444444444,2.5555555555555554,0.46222222222222226,High
340636a908b13bbe0f4fb63fbe1d0c03,6,0.5,3.0,0.46,High
8fec2e460530482132c436cfb5439925,5,0.6,3.8,0.45599999999999996,High
c4f7fee5b0db50e87766f5a4d1b1b758,9,0.4444444444444444,2.6666666666666665,0.45333333333333337,High
b0b346d3a89f5eb4c2968af3f083cd43,12,0.5,3.0833333333333335,0.4533333333333333,High
bfd938b22bc99bce1ae60dc602889f52,12,0.5,3.0833333333333335,0.4533333333333333,High
b19f3ca2ea475913750f25a5c37c8d8f,24,0.45833333333333337,2.7916666666666665,0.45166666666666666,High
ec8463980a4e0ea9f8517aea1ed0c419,8,0.75,5.0,0.44999999999999996,High
55c96925041a14097b6a7825554f4ad5,10,0.5,3.2,0.44399999999999995,High
ab3e0c171fe84a7ba7de130f19cfb485,10,0.5,3.2,0.44399999999999995,High
6cf476a4ca74498db55cbccdaa9dcfb6,7,0.4285714285714286,2.7142857142857144,0.44,High
30c7f28fd3a5897b2c82d152bb760c17,7,0.2857142857142857,1.6666666666666667,0.4380952380952381,High
ecccfa2bb93b34a3bf033cc5d1dcdc69,19,0.368421052631579,2.3333333333333335,0.43438596491228076,High
f19516b9ff26bfeb091b30108db4ddbd,5,0.4,2.6,0.432,High
32f1bb9dfa65bc7df5c0d9d95a616be4,6,0.5,3.4,0.42800000000000005,High
71271995e85f5b8530be99ed54a91b89,8,0.375,2.5,0.425,High
fce62094ffe6a4009188ec44e681dfdd,11,0.4545454545454546,3.1818181818181817,0.4181818181818182,High
b1204cfda1d4948679db3cfc0d3cb95c,11,0.4545454545454546,3.272727272727273,0.41090909090909095,High
5acd070dd3fe441bbb2ec1f1ede515ee,8,0.375,2.75,0.40499999999999997,High
2f09f7d37a97956d11cc1a7cadd5262b,12,0.41666666666666663,3.0833333333333335,0.4033333333333333,High
25be943a321c8938947bdaabca979a90,5,0.4,3.0,0.4,High
f9d010e39375d9c91dce3f40b73a2f84,5,0.4,3.0,0.4,High
ad781527c93d00d89a11eecd9dcad7c1,44,0.40909090909090906,3.0681818181818183,0.39999999999999997,High
5b35136197710e16ac5e7b7c2bd4ea85,9,0.33333333333333337,2.5555555555555554,0.3955555555555556,High
90b36c5aeb728d5504a39f435bef0c5f,7,0.4285714285714286,3.2857142857142856,0.39428571428571435,High
0e982cff76cc0579f632cea8a0e38c9d,12,0.41666666666666663,3.25,0.38999999999999996,High
9485a23c0430ba1d58d359391606fce6,5,0.4,3.2,0.384,High
cb41bfbcbda0aea354a834ab222f9a59,12,0.41666666666666663,3.3333333333333335,0.3833333333333333,High
95b293867b5862941c9cd74f756a3c68,9,0.4444444444444444,3.5555555555555554,0.38222222222222224,High
54965bbe3e4f07ae045b90b0b8541f52,86,0.36046511627906974,2.9382716049382718,0.3812173413723801,High
725af026f869236a8dd0ceb98564d156,8,0.375,3.125,0.375,High
26e2c91ef821e1ff8985f408788fe35b,14,0.3571428571428571,3.0,0.3742857142857143,High
821fb029fc6e495ca4f08a35d51e53a5,29,0.4137931034482759,3.4285714285714284,0.37399014778325124,High
c522be04e020c1e7b79f3acff36513d5,7,0.4285714285714286,3.5714285714285716,0.37142857142857144,High
4deebb3199eeafb282ae33229144f94b,5,0.4,3.4,0.368,High
09883d9ab71c8fe8a9bfc7fc3075b07e,5,0.4,3.4,0.368,High
2a1348e9addc1af5aaa619b1a3679d6b,55,0.34545454545454546,3.0,0.3672727272727273,High
81783131d2a97c8d44d406a4be81b5d9,15,0.4,3.4285714285714284,0.3657142857142857,High
c37b2059d4f90d4feead554e5246565e,16,0.4375,3.75,0.36250000000000004,High
02dcd3e8e25bee036e32512bcf175493,17,0.4117647058823529,3.588235294117647,0.36,High
ec4608a1f76453166bb312b2968aeaf4,35,0.2857142857142857,2.6857142857142855,0.35657142857142854,High
c42fd8e4d47dfb18ce5222f2dd7752f9,11,0.4545454545454546,4.0,0.3527272727272728,High
1ca7077d890b907f89be8c954a02686a,137,0.21167883211678828,2.198529411764706,0.35112494632889646,High
8a40ae794fa3f9892cee24bd5af0488b,6,0.33333333333333337,3.1666666666666665,0.3466666666666667,Medium
0873d9f8f36123f8d910f4760e788cfb,6,0.33333333333333337,3.1666666666666665,0.3466666666666667,Medium
adcf50477d6a1f5d91bb9d54c4903cb5,38,0.3157894736842105,3.1315789473684212,0.33894736842105255,Medium
8d46553a36e68f95350a200c12f8f2e2,16,0.3125,3.125,0.3375,Medium
9853a239ab7b7ebbdc3a21248d5b8e1f,5,0.4,3.8,0.33599999999999997,Medium
b45d7ebfb7378630f1bcd74b6ff86ff7,5,0.4,3.8,0.33599999999999997,Medium
7a91bf945c6fae0779f1c61ce97fe45c,5,0.4,3.8,0.33599999999999997,Medium
02d35243ea2e497335cd0f076b45675d,16,0.25,2.6875,0.335,Medium
b98b715fe9e276204e2a3464f48cd796,6,0.33333333333333337,3.3333333333333335,0.3333333333333333,Medium
714b9a1332840f257b49f476bea4e341,6,0.33333333333333337,3.3333333333333335,0.3333333333333333,Medium
4091f77d8c768fc3e81c20761471761d,8,0.25,2.75,0.32999999999999996,Medium
f1c1ac3f3efc07e659c035008e615e66,14,0.3571428571428571,3.5714285714285716,0.3285714285714285,Medium
4dc646b9b9e8e411ef48ba000ea3ac6f,5,0.19999999999999996,2.4,0.32799999999999996,Medium
5bc55dbe2f12b6af6d83ed46023e0dc8,21,0.19047619047619047,2.3333333333333335,0.3276190476190476,Medium
ede0c03645598cdfc63ca8237acbe73d,50,0.36,3.617021276595745,0.32663829787234044,Medium
04fdea0c111866e6cf812f1570d6b5bd,10,0.30000000000000004,3.2,0.324,Medium
054694fa03fe82cec4b7551487331d74,22,0.31818181818181823,3.3636363636363638,0.3218181818181819,Medium
4dbd95a08b31ede5c82d3f861cb1ce1a,6,0.33333333333333337,3.5,0.32000000000000006,Medium
010da0602d7774602cd1b3f5fb7b709e,5,0.0,1.0,0.32000000000000006,Medium
5b581417df4480f632484ba681e53944,13,0.3076923076923077,3.3076923076923075,0.32000000000000006,Medium
d5c530f4884a75ae0dba9c148718d278,9,0.2222222222222222,2.6666666666666665,0.32,Medium
835f0f7810c76831d6c7d24c7a646d4d,50,0.30000000000000004,3.3,0.31600000000000006,Medium
2e3be8a987a30d7544dbbda6861cc14e,19,0.26315789473684215,3.0526315789473686,0.3136842105263158,Medium
2dd1fb6f0e42a2243b8a01e40cd41216,5,0.19999999999999996,2.6,0.31199999999999994,Medium
8fff28c4263ddec387f28d237fb42773,6,0.33333333333333337,3.6666666666666665,0.3066666666666667,Medium
e504a4e2efaa45cbff7e268a2c58c956,12,0.33333333333333337,3.6666666666666665,0.3066666666666667,Medium
4c8b8048e33af2bf94f2eb547746a916,27,0.2592592592592593,3.111111111111111,0.3066666666666667,Medium
79565f7d5603b24ddf07ade262547f2f,8,0.375,4.0,0.30499999999999994,Medium
e64d65bc8dbec2accda90c58de5d1246,12,0.25,3.0833333333333335,0.30333333333333334,Medium
3e8bd881d92466e63ba9e3e809cd3c50,10,0.4,4.222222222222222,0.3022222222222222,Medium
1dfe5347016252a7884b694d4f10f5c4,27,0.2592592592592593,3.1923076923076925,0.30017094017094015,Medium
5962468f885ea01a1b6a97a218797b0a,9,0.33333333333333337,3.75,0.30000000000000004,Medium
2c3d56f92f360fb89d849b84e8f50eae,8,0.25,3.125,0.30000000000000004,Medium
602044f2c16190c2c6e45eb35c2e21cb,57,0.22807017543859653,2.9642857142857144,0.2996992481203008,Medium
a49928bcdf77c55c6d6e05e09a9b4ca5,106,0.2264150943396226,2.952830188679245,0.29962264150943396,Medium
f76a3b1349b6df1ee875d1f3fa4340f0,24,0.29166666666666663,3.4583333333333335,0.29833333333333334,Medium
bbad7e518d7af88a0897397ffdca1979,85,0.23529411764705888,3.0357142857142856,0.2983193277310925,Medium
48fb026ed7455a42f5d3e9390ed5088e,11,0.18181818181818177,2.6363636363636362,0.29818181818181816,Medium
5075aaa8404020ae6aa8bf4792099b41,23,0.34782608695652173,3.8823529411764706,0.29810741687979536,Medium
f5f1f2c5f923f36ad79ea1d07185ddc9,13,0.23076923076923073,3.076923076923077,0.29230769230769227,Medium
25debeafbce801fdd479539350185eee,7,0.1428571428571429,2.4285714285714284,0.2914285714285715,Medium
d71d863e5ef30d94e440c11be17dcd8f,36,0.25,3.242424242424242,0.29060606060606065,Medium
850913d59ce317156b00f3705f1c3edb,34,0.2647058823529411,3.3529411764705883,0.2905882352941176,Medium
2eb70248d66e0e3ef83659f71b244378,212,0.17924528301886788,2.7139423076923075,0.29043178519593615,Medium
7210cd29727d674c00741e5e387b3ccd,13,0.3076923076923077,3.6923076923076925,0.28923076923076924,Medium
d3dcf0604eabf0224fbd5948b5e02f69,9,0.33333333333333337,3.888888888888889,0.2888888888888889,Medium
c9a06ece156bb057372c68718ec8909b,14,0.2142857142857143,3.0,0.2885714285714286,Medium
1b8b75e227c9a9c100d0c210fb6176ce,19,0.26315789473684215,3.3684210526315788,0.28842105263157897,Medium
b37c4c02bda3161a7546a4e6d222d5b2,15,0.0,1.4,0.288,Medium
397c4d0c005b6f41f90098ac724e28cb,5,0.4,4.4,0.2879999999999999,Medium
2e1a7d075abe038c1b2743005fe42ff1,23,0.30434782608695654,3.6956521739130435,0.28695652173913044,Medium
be9a160a9011f627c3e121d076c1ec7b,7,0.2857142857142857,3.5714285714285716,0.2857142857142857,Medium
7daca0837f033a41a6f3428c18657533,7,0.2857142857142857,3.5714285714285716,0.2857142857142857,Medium
099095b050cfe8eb1ddff5317587e96e,20,0.19999999999999996,2.95,0.2839999999999999,Medium
f08c008c8a8d31417763738a1788a2a8,23,0.21739130434782605,3.090909090909091,0.2831620553359684,Medium
2aa3443d7bf9d9bb11133f420d75e083,10,0.19999999999999996,3.0,0.28,Medium
6bd69102ab48df500790a8cecfc285c2,5,0.19999999999999996,3.0,0.28,Medium
167fd940acebc789debd6eb418c46e38,5,0.19999999999999996,3.0,0.28,Medium
91f0eec23d4a61d7d7caeefa3f0ad1ca,11,0.2727272727272727,3.5454545454545454,0.27999999999999997,Medium
1fbe10c70e30765ed1de86d9f7e98409,6,0.0,1.5,0.27999999999999997,Medium
dc8798cbf453b7e0f98745e396cc5616,51,0.21568627450980393,3.1470588235294117,0.27764705882352947,Medium
b6dc74ed30f124f95227bed4e43a3bed,13,0.3076923076923077,3.8461538461538463,0.27692307692307694,Medium
7f152321c60a266edc53af1925ef96c1,20,0.30000000000000004,3.8,0.276,Medium
15ead3a5037a918ddb520dfe39a3d2b9,8,0.375,4.375,0.27499999999999997,Medium
87b740daf17b5d1be335a64164ec6842,13,0.23076923076923073,3.3076923076923075,0.27384615384615385,Medium
7bcd7c5f8631701474db233ccf1c094b,11,0.2727272727272727,3.6363636363636362,0.2727272727272727,Medium
87e24fc7052259b1f7f607d61c10d8be,8,0.25,3.5,0.27,Medium
d9d43faf741ceaa8da52fdbb81d9e0e3,8,0.25,3.5,0.27,Medium
4e5725ba188db8252977a4f0227bd462,25,0.24,3.44,0.26880000000000004,Medium
79a679c36c08d606b3fd47ead9de109b,7,0.1428571428571429,2.7142857142857144,0.26857142857142857,Medium
7fdb0720c8d7c9075538b365dc8c3a22,10,0.09999999999999998,2.4,0.268,Medium
3d4824f20035949c710eaf111f869d39,10,0.30000000000000004,3.9,0.268,Medium
4e326052e5dbba8adcd512f3450a307e,6,0.0,1.6666666666666667,0.26666666666666666,Medium
d4a5e99e0dd915df64ba55a7fbd583fd,6,0.0,1.6666666666666667,0.26666666666666666,Medium
6861de0f40cacb0602e473c51639f980,8,0.125,2.625,0.265,Medium
b566ab0ef88016e00422755e305103c6,5,0.19999999999999996,3.2,0.26399999999999996,Medium
1d2732ef8321502ee8488e8bed1ab8cd,5,0.19999999999999996,3.2,0.26399999999999996,Medium
5b0cc932433fa5184b5b94bfe6bcc256,17,0.23529411764705888,3.4705882352941178,0.2635294117647059,Medium
5d378b73ab7dd6f0418d743e5dcb0bd1,7,0.2857142857142857,3.857142857142857,0.2628571428571428,Medium
a36ac007a4d18f865c8d32c3b2402c2d,9,0.11111111111111116,2.5555555555555554,0.2622222222222223,Medium
c4d51195486dc781531876a7d00453d8,17,0.2941176470588235,3.9411764705882355,0.26117647058823523,Medium
40db9e9aa57f7bb151bcda6b0f9bdbb7,12,0.08333333333333337,2.3636363636363638,0.2609090909090909,Medium
13fa2a6c6b9d0f43cb588d7c82117a12,10,0.30000000000000004,4.0,0.26,Medium
9da1ca0bef29ee170e541927a5aeabdc,6,0.16666666666666663,3.0,0.26,Medium
9449f25aeaf531019b76999ea49a6949,10,0.30000000000000004,4.0,0.26,Medium
c1ed9e3daf6154542826a6996af0fb8c,17,0.3529411764705882,4.411764705882353,0.2588235294117647,Medium
b17b679f4f5ce2e03ce6968c62648246,57,0.24561403508771928,3.6140350877192984,0.2582456140350877,Medium
b87a7ea0c30fad2dd6781b74a0064859,9,0.2222222222222222,3.4444444444444446,0.2577777777777778,Medium
5ee7fd217d08dfe5d3e2f51f96a12c9a,9,0.2222222222222222,3.4444444444444446,0.2577777777777778,Medium
bc47d5d1490df2b36add65d733eafaba,25,0.19999999999999996,3.28,0.2576,Medium
f44bdc12aa39f5271f0b95f66cd4c289,7,0.1428571428571429,2.857142857142857,0.25714285714285723,Medium
86bb7c4b535e49a541baf3266b1c95b1,16,0.1875,3.2,0.25649999999999995,Medium
270d3ef21830ad0ecf3a6c53d08a533a,18,0.05555555555555558,2.2222222222222223,0.2555555555555556,Medium
712e6ed8aa4aa1fa65dab41fed5737e4,87,0.2183908045977011,3.453488372093023,0.25475541299117876,Medium
31be790e64fc99f8ff48ec2bd18a3104,6,0.33333333333333337,4.333333333333333,0.2533333333333334,Medium
5151aea44289d6c6b090ee31c2132508,7,0.0,1.8333333333333333,0.25333333333333335,Medium
8444e55c1f13cd5c179851e5ca5ebd00,109,0.1651376146788991,3.073394495412844,0.25321100917431194,Medium
5011f0d93373a4c5753adf58ca77af8d,22,0.2272727272727273,3.5454545454545454,0.25272727272727274,Medium
f593898ec748b7a8cb81fc04edafd98a,23,0.21739130434782605,3.4782608695652173,0.25217391304347825,Medium
c60b801f2d52c7f7f91de00870882a75,41,0.19512195121951215,3.317073170731707,0.25170731707317073,Medium
eb4df17aed01d918c65f0f8d650900c0,11,0.2727272727272727,3.909090909090909,0.25090909090909086,Medium
3a1a1fec38dd360f15fc912e821e169d,15,0.2666666666666667,3.8666666666666667,0.2506666666666667,Medium
ac6417315ae5da8f9a38ee11de6f7780,8,0.25,3.75,0.25,Medium
4ef4c39cf3c24f326434cf0b2e48046a,9,0.2222222222222222,3.5555555555555554,0.24888888888888894,Medium
2a261b5b644fa05f4f2700eb93544f2c,82,0.19512195121951215,3.3536585365853657,0.24878048780487805,Medium
6c1b6d0c604b776f844125f911eb7377,5,0.19999999999999996,3.4,0.248,Medium
f650a9708fa1bab22bdd8d3a818cc415,5,0.19999999999999996,3.4,0.248,Medium
71039d19d4303bf9054d69e9a9236699,38,0.23684210526315785,3.6842105263157894,0.24736842105263157,Medium
89c127985a8b130cfa45c1d36764017a,7,0.1428571428571429,3.0,0.24571428571428577,Medium
13074f016982ff2bd6c58ced8682f000,15,0.2666666666666667,3.933333333333333,0.2453333333333334,Medium
972d0f9cf61b499a4812cf0bfa3ad3c4,88,0.13636363636363635,2.9642857142857144,0.24467532467532466,Medium
f1b93673502375d491780bb49d615dbc,10,0.09999999999999998,2.7,0.244,Medium
7fc87cc3e89b3d1d5cabdca32f8485aa,14,0.2142857142857143,3.5714285714285716,0.24285714285714288,Medium
5f67c6082caacb26e431a7b17940cece,14,0.2142857142857143,3.5714285714285716,0.24285714285714288,Medium
0747d5bb69f0586cc869d8af4c50f93e,15,0.19999999999999996,3.466666666666667,0.24266666666666664,Medium
d9e7e7778b32987280a6f2cb9a39c57d,13,0.15384615384615385,3.1538461538461537,0.24000000000000002,Medium
2bf28e311bba65237358230cabac3f15,8,0.25,3.875,0.24,Medium
9b522ba7eae9e1d04082f267144583cc,6,0.33333333333333337,4.5,0.24,Medium
1b65c144b17e607c0f37f10bb7dfec8d,5,0.0,2.0,0.24,Medium
52f0fe436a347ddad7ed5f9aa4e27eaa,23,0.17391304347826086,3.3043478260869565,0.24,Medium
0aea4c6ae1505b3228ddf3dd7822ee5b,8,0.25,3.875,0.24,Medium
6973a06f484aacf400ece213dbf3d946,115,0.19999999999999996,3.526315789473684,0.23789473684210524,Medium
822bad9bc42b51213ba522fe87b7ab5d,18,0.2777777777777778,4.111111111111111,0.23777777777777778,Medium
8378eb36b6b70c5734e83ad7b8cdc3b7,13,0.23076923076923073,3.769230769230769,0.2369230769230769,Medium
3fd1e727ba94cfe122d165e176ce7967,38,0.23684210526315785,3.8157894736842106,0.23684210526315785,Medium
e6a69c4a27dfdd98ffe5aa757ad744bc,29,0.2068965517241379,3.6206896551724137,0.23448275862068962,Medium
0307f7565ff85b299b6e5ef162b1b1a9,7,0.1428571428571429,3.142857142857143,0.23428571428571432,Medium
18a349e75d307f4b4cc646a691ed4216,148,0.17567567567567566,3.3945578231292517,0.23384077955506527,Medium
c7fdb77fdbff3c41981bc52f787e959e,12,0.16666666666666663,3.3333333333333335,0.23333333333333328,Medium
cac4c8e7b1ca6252d8f20b2fc1a2e4af,83,0.19277108433734935,3.5304878048780486,0.23322362621216572,Medium
88460e8ebdecbfecb5f9601833981930,302,0.16887417218543044,3.355481727574751,0.2328859651052782,Medium
c6a7539d424a8402232c2228d7a03c5e,15,0.06666666666666665,2.6,0.23199999999999998,Medium
74c7dec0a384d8a05950e629bd23bde9,5,0.19999999999999996,3.6,0.23199999999999998,Medium
81336a0f57a33776419727a300249e90,19,0.21052631578947367,3.6842105263157894,0.23157894736842105,Medium
b248792ac0b60ec3f93d80af1b4fae47,9,0.2222222222222222,3.7777777777777777,0.23111111111111113,Medium
ef990a83bbea832f36ebe81376335aa8,44,0.20454545454545459,3.659090909090909,0.23000000000000004,Medium
f22a247b79dd22ecd91dc8e3b2a1b07c,8,0.25,4.0,0.22999999999999998,Medium
3f8034bfc6b8b4135534975d49f04c63,16,0.125,3.0625,0.22999999999999998,Medium
4c61e37f664c3c88aff092aa5ac779d7,8,0.25,4.0,0.22999999999999998,Medium
d17f467e4bf608a510c20d82f4ba3b6b,12,0.25,4.0,0.22999999999999998,Medium
99a54764c341d5dc80b4a8fac4eba3fb,67,0.17910447761194026,3.4696969696969697,0.22988692899140656,Medium
6039e27294dc75811c0d8a39069f52c0,75,0.22666666666666668,3.8266666666666667,0.2298666666666667,Medium
834f8533b2ecb6598dd004ff3de7203a,47,0.21276595744680848,3.723404255319149,0.2297872340425532,Medium
3092c0b297aacfb4bb6e056ebe13b9b8,21,0.19047619047619047,3.5714285714285716,0.22857142857142854,Medium
ff69aa92bb6b1bf9b8b7a51c2ed9cf8b,20,0.19999999999999996,3.65,0.22799999999999998,Medium
d20b021d3efdf267a402c402a48ea64b,106,0.19811320754716977,3.638095238095238,0.22782030548068283,Medium
e0878efa0e0b7e5313ac0b43bc04c081,29,0.1724137931034483,3.4482758620689653,0.22758620689655173,Medium
55bb6fe5bebe5012e2d7d9928e1128ff,16,0.1875,3.5625,0.22749999999999998,Medium
8e6d7754bc7e0f22c96d255ebda59eba,130,0.10769230769230764,2.973076923076923,0.22676923076923072,Medium
891071be6ba827b591264c90c2ae8a63,98,0.20408163265306123,3.704081632653061,0.22612244897959183,Medium
d3f39f05462b79a4562d35893a28f159,38,0.1578947368421053,3.3684210526315788,0.2252631578947369,Medium
4cf490a58259286ada5ba8525ba9e84a,8,0.125,3.125,0.22500000000000003,Medium
5abb8ea023c77787f2c15da891c8d384,13,0.23076923076923073,3.923076923076923,0.2246153846153846,Medium
0417b067eeab773d2f7061a726dc477f,13,0.23076923076923073,3.923076923076923,0.2246153846153846,Medium
e59e489e2ea74bd409b798b5daf49de3,5,0.0,2.2,0.22399999999999998,Medium
5058e8c1e82653974541e83690655b4a,78,0.11538461538461542,3.0789473684210527,0.22291497975708502,Medium
058cb5aeb36d7c0fcae20fc85d5e0a59,13,0.15384615384615385,3.3846153846153846,0.22153846153846155,Medium
66e0557ecc2b4dbea057e93f215f68d8,31,0.22580645161290325,3.935483870967742,0.22064516129032258,Medium
e1b12447a7563944843191754aeb5562,10,0.30000000000000004,4.5,0.22000000000000003,Medium
a2deecd5398f5df4987110c80a1972a3,16,0.1875,3.65625,0.22000000000000003,Medium
05e107217c7266362fd44b75b2cd4cc4,8,0.25,4.125,0.22000000000000003,Medium
3a4127e1ba7208ea37044c5092aae170,6,0.16666666666666663,3.5,0.22,Medium
89bc797e2e29667aa035d4368f9b7f92,20,0.19999999999999996,3.75,0.21999999999999997,Medium
6ec1a01e866584bb679eb9b098345919,32,0.25,4.133333333333334,0.21933333333333327,Medium
e8f6dc8e6a1dcde89d20e3995c8d90b3,48,0.14583333333333337,3.3541666666666665,0.2191666666666667,Medium
d32e3909cfb714fb2a6cb092c85b9c5f,11,0.18181818181818177,3.6363636363636362,0.21818181818181814,Medium
392e0502231ae2f8b29994ef6398cd77,20,0.25,4.157894736842105,0.21736842105263154,Medium
80f2cf9abf6b5a0e5c612b5eea6646e6,7,0.2857142857142857,4.428571428571429,0.21714285714285708,Medium
beadbee30901a7f61d031b6b686095ad,68,0.22058823529411764,3.9411764705882355,0.21705882352941175,Medium
897060da8b9a21f655304d50fd935913,430,0.1465116279069767,3.390845070422535,0.2166393711103832,Medium
3d01d1c414c44b5943a09619ff3853cb,5,0.19999999999999996,3.8,0.21599999999999997,Medium
83353a83fd769dfafa4f21a72b15e3e5,5,0.19999999999999996,3.8,0.21599999999999997,Medium
bdb3edbaee43a761e2d4f258dc08f348,5,0.19999999999999996,3.8,0.21599999999999997,Medium
ea566164622c6b439516ab18062c42cd,52,0.1923076923076923,3.75,0.21538461538461537,Medium
082e0bf4cb865a6533b1e8e498cc0255,23,0.13043478260869568,3.3043478260869565,0.2139130434782609,Medium
7586919161935337bf6b6d7ff5779648,18,0.11111111111111116,3.1666666666666665,0.21333333333333337,Medium
9cea4682e16655f7da87f406902e989e,9,0.0,2.3333333333333335,0.21333333333333335,Medium
822b63912576852aea9a8436d72317b7,9,0.2222222222222222,4.0,0.21333333333333332,Medium
9bc484c87d79cd4874e05ca182658045,9,0.2222222222222222,4.0,0.21333333333333332,Medium
1976a05ecf2996d6ffb7b5430e635fe7,9,0.2222222222222222,4.0,0.21333333333333332,Medium
c35affa65afd250151285c5917fc1c8a,9,0.2222222222222222,4.0,0.21333333333333332,Medium
b2479f944e1b90cf8a5de1bbfde284d6,131,0.1297709923664122,3.3153846153846156,0.21263182618907805,Medium
bc503e244f187939d10c92a5c8e378ce,16,0.1875,3.75,0.2125,Medium
2a61c271b1ac763450d846849783e922,23,0.17391304347826086,3.652173913043478,0.21217391304347827,Medium
784ba75dd9d20200c4caed3d7a77141a,24,0.16666666666666663,3.6041666666666665,0.21166666666666667,Medium
9cad4b68bb993ee401a3c5aaa2bc26dd,7,0.1428571428571429,3.4285714285714284,0.21142857142857147,Medium
cd68562d3f44870c08922d380acae552,132,0.19696969696969702,3.8396946564885495,0.2110062456627343,Medium
2089a6d640999f9b9141ac719b2af596,44,0.18181818181818177,3.727272727272727,0.21090909090909093,Medium
f46490624488d3ff7ce78613913a7711,91,0.1428571428571429,3.4615384615384617,0.20879120879120883,Medium
a6bd7d1ccdac48c6b33b28596b7eb122,16,0.125,3.3333333333333335,0.20833333333333331,Medium
b18dc380845b24038cfc48006478f099,54,0.20370370370370372,3.9245283018867925,0.20825995807127884,Medium
2528744c5ef5d955adc318720a94d2e7,5,0.0,2.4,0.20800000000000002,Medium
b335c59ab742f751a85db9c411a86739,35,0.17142857142857137,3.6857142857142855,0.208,Medium
4aba391bc3b88717ce08eb11e44937b2,30,0.19999999999999996,3.9,0.20799999999999996,Medium
3d621842b2ed28e2b474132480edac3c,10,0.19999999999999996,3.9,0.20799999999999996,Medium
af7cdac9d9897cddead9c6b08976c642,6,0.16666666666666663,3.6666666666666665,0.20666666666666667,Medium
8ca1551acf9832a4cf467bbbac15851f,12,0.16666666666666663,3.6666666666666665,0.20666666666666667,Medium
a67780aba9dd436e7ac0aa1f889e73ec,6,0.16666666666666663,3.6666666666666665,0.20666666666666667,Medium
bc07d855eac23aab5ac8a120f21d16b2,13,0.23076923076923073,4.153846153846154,0.20615384615384613,Medium
fdaaf5bfda82b7b80535610c831b8d09,15,0.19999999999999996,3.933333333333333,0.2053333333333333,Medium
e3dd723429d1b23614b7fa85e2c7a853,8,0.125,3.375,0.20499999999999996,Medium
9c7fd21e0aa159b20da593371f08ff7c,8,0.125,3.375,0.20499999999999996,Medium
04e38a233f726ef161074ab1c9b0399a,28,0.1785714285714286,3.7857142857142856,0.20428571428571432,Medium
e5a3438891c0bfdb9394643f95273d8e,255,0.1843137254901961,3.8293650793650795,0.2042390289449113,Medium
39c763cca83e654764b7a4a650fb9b7c,11,0.18181818181818177,3.8181818181818183,0.20363636363636362,Medium
855668e0971d4dfd7bef1b6a4133b41b,327,0.16819571865443428,3.717391304347826,0.20352612684483445,Medium
75d34ebb1bd0bd7dde40dd507b8169c3,72,0.18055555555555558,3.8194444444444446,0.20277777777777778,Medium
62c50c1af4dfdc4149d25c5222043d39,19,0.10526315789473684,3.263157894736842,0.20210526315789473,Medium
a44fb5a447105f8469bdf16bf9159f25,19,0.21052631578947367,4.052631578947368,0.20210526315789473,Medium
3f2af2670e104d1bcb54022274daeac5,7,0.1428571428571429,3.5714285714285716,0.2,Medium
35fb511489d9ee3ee27a76debce9df06,7,0.1428571428571429,3.5714285714285716,0.2,Medium
8ff38bc3969e67c36c48343a07090f66,8,0.0,2.5,0.2,Medium
d5b9a084373da994a6e37f732169a853,7,0.1428571428571429,3.5714285714285716,0.2,Medium
51ed72984a04e5dd35c2b27e77179038,7,0.1428571428571429,3.5714285714285716,0.2,Medium
f3295428338a40977a03f555246a70f4,7,0.1428571428571429,3.5714285714285716,0.2,Medium
2156f2671501a81034d7d07f217609d0,22,0.18181818181818177,3.8636363636363638,0.19999999999999998,Medium
de9727ca376d1be6ec121b110aa7954c,12,0.16666666666666663,3.75,0.19999999999999998,Medium
bca9230d3bbb4efa51872bf605a2f1ad,5,0.19999999999999996,4.0,0.19999999999999996,Medium
d79e8478eed9999493990b44955fb22e,5,0.19999999999999996,4.0,0.19999999999999996,Medium
f783a638e9c6af4a7d0dbfde811e7a81,5,0.19999999999999996,4.0,0.19999999999999996,Medium
3903c788ded8dc03b5ebab37a2f3e9a1,5,0.19999999999999996,4.0,0.19999999999999996,Medium
8bdd8e3fd58bafa48af76b2c5fd71974,11,0.2727272727272727,4.545454545454546,0.19999999999999996,Medium
039e6ad9dae79614493083e241147386,5,0.19999999999999996,4.0,0.19999999999999996,Medium
717b78b0950b51ed00b1471d858b0edc,5,0.19999999999999996,4.0,0.19999999999999996,Medium
741f8c587cb4248ebc5b779a0e8e0e51,5,0.19999999999999996,4.0,0.19999999999999996,Medium
818d28f936e791926d33bcb6ee94ef79,5,0.19999999999999996,4.0,0.19999999999999996,Medium
06a2c3af7b3aee5d69171b0e14f0ee87,405,0.19999999999999996,4.0,0.19999999999999996,Medium
e2aee0892199b1d92530e371abd825bf,41,0.1707317073170732,3.8048780487804876,0.1980487804878049,Medium
0b35c634521043bf4b47e21547b99ab5,78,0.1282051282051282,3.4935064935064934,0.19744255744255745,Medium
7a241947449cc45dbfda4f9d0798d9d0,72,0.13888888888888884,3.5774647887323945,0.19713615023474174,Medium
070d165398b553f3b4b851c216b8a358,39,0.1282051282051282,3.5,0.19692307692307692,Medium
66fd84ee7528c0c0de85d0f44a73d5ab,21,0.04761904761904767,2.9047619047619047,0.19619047619047628,Medium
5eeb9c756d9780b96283e5a2ac6da334,9,0.2222222222222222,4.222222222222222,0.19555555555555557,Medium
56642bcb79900e777d68e91915cb4267,56,0.1607142857142857,3.767857142857143,0.195,Medium
c4fb51fb1c5b7c07bc5e67be6e7e8f6e,16,0.125,3.5,0.195,Medium
3771c85bac139d2344864ede5d9341e3,30,0.1333333333333333,3.566666666666667,0.19466666666666663,Medium
0725b8c0f3f906e58f70cbe76b7c748c,37,0.1351351351351351,3.581081081081081,0.19459459459459455,Medium
abe42c5d03695b4257b5c6cbf4e6784e,50,0.18000000000000005,3.9183673469387754,0.194530612244898,Medium
f4c4daa86e30c7e5a553a8d518ac03a5,20,0.15000000000000002,3.7,0.194,Medium
2ba91c7ad80ff88b23b7db823b43c233,6,0.16666666666666663,3.8333333333333335,0.1933333333333333,Medium
68ca56ce86830f3d31b1b7ec6a54da3e,6,0.16666666666666663,3.8333333333333335,0.1933333333333333,Medium
2c9e548be18521d1c43cde1c582c6de8,174,0.17816091954022983,3.9239766081871346,0.19297842306916713,Medium
656591be56071d4c9ef4e5fee78a578a,11,0.2727272727272727,4.636363636363637,0.19272727272727266,Medium
dd55f1bb788714a40e7954c3be6df745,37,0.16216216216216217,3.810810810810811,0.19243243243243247,Medium
8160255418d5aaa7dbdc9f4c64ebda44,431,0.16473317865429238,3.8309859154929575,0.1923610339531388,Medium
c3867b4666c7d76867627c2f7fb22e21,259,0.16602316602316602,3.8443579766536966,0.19206526148160388,Medium
406740ee611378a662d274c7d8c43c4a,10,0.19999999999999996,4.1,0.192,Medium
a53f60f05f822b5c621a50ff6a5cb362,6,0.0,2.6,0.192,Medium
8931a84a914b3fe9b1ddaa4d704947ca,32,0.15625,3.774193548387097,0.19181451612903225,Medium
11bfa66332777660bd0640ee84d47006,102,0.1568627450980392,3.784313725490196,0.19137254901960787,Medium
557f22c76691849db52d2abccf0015d0,14,0.0714285714285714,3.1538461538461537,0.19054945054945055,Medium
002100f778ceb8431b7a1020ff7ab48f,55,0.18181818181818177,3.981818181818182,0.19054545454545452,Medium
0bf0150d5b9d60d9cd2906003332f085,62,0.14516129032258063,3.711864406779661,0.19014762165117552,Medium
579891617139df7d8671d373f0669622,8,0.25,4.5,0.19,Medium
7c67e1448b00f6e969d365cea6b010ab,1364,0.09457478005865105,3.3414454277286136,0.18942923381690155,Medium
d97df38225e5abadaff1e72cb72b823c,29,0.1724137931034483,3.925925925925926,0.18937420178799488,Medium
fe701d88b67eaca109dffd464d1be9f9,11,0.18181818181818177,4.0,0.18909090909090903,Medium
fffd5413c0700ac820c7069d66d98c89,61,0.16393442622950816,3.8666666666666667,0.18902732240437156,Medium
ad87df7699e83b8a91822a4a0b765c3a,7,0.1428571428571429,3.7142857142857144,0.1885714285714286,Medium
2d50d6282f8aa2257819a77bfaa0efe0,45,0.1333333333333333,3.6444444444444444,0.18844444444444441,Medium
04aa0a1c5ce6b222003403a3e11c3cc0,17,0.11764705882352944,3.5294117647058822,0.1882352941176471,Medium
218f991754f360af9c2daa5e0b8e990c,17,0.11764705882352944,3.5294117647058822,0.1882352941176471,Medium
bb135baca94c82fcb731335ad5b04a03,38,0.0,2.6578947368421053,0.1873684210526316,Medium
3c03b12bab54d8b37d79d914bfdb1aa0,43,0.16279069767441856,3.880952380952381,0.18719822812846065,Medium
2379bdc3888025689a9deb7b141507d5,9,0.2222222222222222,4.333333333333333,0.1866666666666667,Medium
014c0679dd340a0e338872e7ec85666a,15,0.1333333333333333,3.6666666666666665,0.18666666666666665,Medium
05f51e13da97139648b8125c31e5f51b,63,0.19047619047619047,4.095238095238095,0.18666666666666665,Medium
440dd6ab244315c632130ecfb63827b1,95,0.1578947368421053,3.851063829787234,0.18665173572228447,Medium
921323538c9f1c4e816f2720eac02bea,17,0.17647058823529416,4.0,0.1858823529411765,Medium
17306570e772e7718c92a562d33f5f1d,32,0.125,3.625,0.185,Medium
e83c76265fc54bf41eac728805e4da77,8,0.125,3.625,0.185,Medium
df560393f3a51e74553ab94004ba5c87,29,0.13793103448275867,3.7241379310344827,0.1848275862068966,Medium
431af27f296bc6519d890aa5a05fdb11,125,0.14400000000000002,3.774193548387097,0.18446451612903225,Medium
6fd52c528dcb38be2eea044946b811f8,84,0.1071428571428571,3.5,0.18428571428571427,Medium
5f0057b677eb963672bf05dfa3f16c34,5,0.19999999999999996,4.2,0.18399999999999994,Medium
4170f6a9367e6b5d6401d03ce6d54569,5,0.19999999999999996,4.2,0.18399999999999994,Medium
c878515173c84a492ebe50d6b493230b,10,0.19999999999999996,4.2,0.18399999999999994,Medium
851773c885feb5e2da3b4f82bc2b17ce,10,0.19999999999999996,4.2,0.18399999999999994,Medium
ab9db4cf53b08b828b64dccaafc2d9f0,5,0.19999999999999996,4.2,0.18399999999999994,Medium
244c2f1bff6afe1f2eaf9bfe9b2aed38,27,0.14814814814814814,3.814814814814815,0.1837037037037037,Medium
fcdd820084f17e9982427971e4e9d47f,27,0.07407407407407407,3.259259259259259,0.1837037037037037,Medium
a066df7361163e7ddc5d7452dd17448b,17,0.23529411764705888,4.470588235294118,0.18352941176470589,Medium
08ad4ac1388e4420ca531c3edfc46198,7,0.0,2.7142857142857144,0.18285714285714283,Medium
89de2d6f23e9746ff309705b23581faa,8,0.0,2.7142857142857144,0.18285714285714283,Medium
c24173065483e421f9e5e7f599de101d,9,0.11111111111111116,3.5555555555555554,0.18222222222222229,Medium
c26a2be5b53b7db6b276280da212a779,18,0.0,2.7222222222222223,0.1822222222222222,Medium
23d7c96d4a1160db1c726b248601b25a,55,0.1454545454545455,3.8173076923076925,0.18188811188811188,Medium
0791d9fc1e30678ecf03d3e55fa108d3,11,0.0,2.727272727272727,0.18181818181818185,Medium
ea6b12bf9ffe2bac34602ec631d97a47,11,0.18181818181818177,4.090909090909091,0.18181818181818182,Medium
be8e909810184b9b19e886129149d8e5,15,0.1333333333333333,3.7333333333333334,0.1813333333333333,Medium
dd533b429f380718b70ad9922c294bae,45,0.1333333333333333,3.7333333333333334,0.1813333333333333,Medium
ed8cb7b190ceb6067227478e48cf8dde,17,0.05882352941176472,3.176470588235294,0.18117647058823533,Medium
63ffcb71394dd8ea3872ed9ffda17c74,17,0.05882352941176472,3.176470588235294,0.18117647058823533,Medium
6f892e20a171e98efe17fdb971ff319b,53,0.13207547169811318,3.730769230769231,0.18078374455732943,Medium
7ad32824caee82087b3e2e5f33b1bf32,184,0.13586956521739135,3.7679558011049723,0.18008527504203703,Medium
8b28d096634035667e8263d57ba3368c,155,0.1483870967741936,3.861842105263158,0.18008488964346353,Medium
9d39404483343dd55c7ae254494d8388,10,0.09999999999999998,3.5,0.18,Medium
f63d8f293af3a6454377546bd9dd19ff,28,0.1428571428571429,3.8214285714285716,0.18,Medium
be3b4b0f050a6aa1b2d901c4b77e979f,8,0.0,2.75,0.18,Medium
3dfd3dc96f7f8598eca74e9ac8a2fa31,6,0.16666666666666663,4.0,0.17999999999999997,Medium
38874e327ce94d11390b96eb42d61928,6,0.16666666666666663,4.0,0.17999999999999997,Medium
50770d25768b0486d89be26afca3108f,6,0.16666666666666663,4.0,0.17999999999999997,Medium
35857757f553273b1056c1cabdace7fb,6,0.16666666666666663,4.0,0.17999999999999997,Medium
bd15ee794d5e640d9dd71b665b2ab15b,12,0.16666666666666663,4.0,0.17999999999999997,Medium
f419677537694f0462a91990df6ca44f,6,0.16666666666666663,4.0,0.17999999999999997,Medium
b14db04aa7881970e83ffa9426897925,111,0.1351351351351351,3.764705882352941,0.17990461049284576,Medium
95f83f51203c626648c875dd41874c7f,67,0.05970149253731338,3.208955223880597,0.17910447761194026,Medium
cee48807215b30a12ca2ca10ffb5f250,40,0.125,3.7,0.179,Medium
4a3ccda38b2129705f3fb522db62ca31,78,0.1282051282051282,3.7243589743589745,0.17897435897435898,Medium
863d2ebcd347ce4922de7a0f9a5581d6,19,0.1578947368421053,3.9473684210526314,0.17894736842105266,Medium
903037660cf848a717166eb7a06d616e,60,0.1333333333333333,3.7666666666666666,0.17866666666666664,Medium
92d14edfb62ee5ae7fdff70b0f4e7233,13,0.0,2.769230769230769,0.17846153846153845,Medium
b4a476fbd28de64b1e347abf9089366a,38,0.13157894736842102,3.7567567567567566,0.1784068278805121,Medium
e62b2d6ac10570a035a30bafcf01d263,71,0.14084507042253525,3.8333333333333335,0.17784037558685445,Medium
3b872fd4747f01cc56206f2934198618,27,0.14814814814814814,3.888888888888889,0.17777777777777776,Medium
85cc55e048b6bcc90c75afe7f0e72f72,9,0.2222222222222222,4.444444444444445,0.17777777777777776,Medium
54065e9aef7e9e9c2dc23b7594db021a,14,0.1428571428571429,3.857142857142857,0.17714285714285716,Medium
82e0a475a88cc9595229d8029273f045,80,0.07499999999999996,3.35,0.17699999999999994,Medium
0d85bbda9889ce1f7e63778d24f346eb,58,0.18965517241379315,4.211538461538462,0.17687002652519895,Medium
db2956745b3a8e9f3785c99f34b5d25e,48,0.125,3.7291666666666665,0.17666666666666667,Medium
f12ff17ad8bbf01ec5c33b17e506649b,29,0.13793103448275867,3.8275862068965516,0.17655172413793108,Medium
e250d617a0ad591ba9bd663e584a895d,20,0.0,2.8,0.17600000000000005,Medium
43402bdf22aa2310e8f99e2f94f78628,5,0.0,2.8,0.17600000000000005,Medium
9c068d10aca38e85c50202e17b4a7e88,17,0.17647058823529416,4.125,0.17588235294117652,Medium
1dd33b8119b3cb1056ed5dc88cd0aaf4,8,0.125,3.75,0.175,Medium
1a932caad4f9d804097d7f8e615baed1,30,0.09999999999999998,3.566666666666667,0.17466666666666664,Medium
bb7a14e229b1c95156719c3d9552eeee,11,0.18181818181818177,4.181818181818182,0.17454545454545453,Medium
0aa2205ca24f113f4658a5c536667426,11,0.0,2.8181818181818183,0.17454545454545453,Medium
610f72e407cdd7caaa2f8167b0163fd8,17,0.11764705882352944,3.7058823529411766,0.17411764705882354,Medium
b64d51f0435e884e8de603b1655155ae,23,0.17391304347826086,4.130434782608695,0.17391304347826092,Medium
06579cb253ecd5a3a12a9e6eb6bf8f47,72,0.125,3.763888888888889,0.1738888888888889,Medium
99eaacc9e6046db1c82b163c5f84869f,70,0.1428571428571429,3.9,0.17371428571428574,Medium
f84a00e60c73a49e7e851c9bdca3a5bb,99,0.11111111111111116,3.6666666666666665,0.1733333333333334,Medium
7040e82f899a04d1b434b795a43b4617,228,0.09210526315789469,3.528888888888889,0.1729520467836257,Medium
e96498ed8daaa3e9c23f7a62da76591c,34,0.1470588235294118,3.9411764705882355,0.1729411764705882,Medium
1835b56ce799e6a4dc4eddc053f04066,558,0.10035842293906805,3.591485507246377,0.17289621318373066,Medium
ed859002ad59dbf8cf3602696a6c3000,13,0.15384615384615385,4.0,0.1723076923076923,Medium
f918546be4bec7104d117789ba758b2b,23,0.13043478260869568,3.8260869565217392,0.17217391304347826,Medium
966cb4760537b1404caedd472cc610a5,75,0.1333333333333333,3.8513513513513513,0.17189189189189186,Medium
ec8879960bd2221d5c32f8e12f7da711,36,0.19444444444444442,4.314285714285714,0.17152380952380952,Medium
b74d1c09cb380e1d03a6f859c6f4224b,39,0.17948717948717952,4.205128205128205,0.17128205128205132,Medium
432c37c9dfba871172ec162e20118b8c,57,0.17543859649122806,4.175438596491228,0.17122807017543862,Medium
e819bcfade7b5d88a27325eb6cfd62c5,11,0.09090909090909094,3.5454545454545454,0.17090909090909093,Medium
d93919c944be9cff128f6c9cb899eacb,33,0.1515151515151515,4.0,0.1709090909090909,Medium
c9aafcd0621b2207c10e32c649cada4d,52,0.15384615384615385,4.019230769230769,0.17076923076923078,Medium
f3da5b2ff499efb8d4a6d371d175d7dd,84,0.13095238095238093,3.8493975903614457,0.1706196213425129,Medium
a673821011d0cec28146ea42f5ab767f,146,0.136986301369863,3.8949275362318843,0.17059757792336708,Medium
dd7ddc04e1b6c2c614352b383efe2d36,143,0.11888111888111885,3.76056338028169,0.17048360090613612,Medium
710e3548e02bc1d2831dfc4f1b5b14d4,142,0.07042253521126762,3.397163120567376,0.1704804714813705,Medium
5343d0649eca2a983820bfe93fc4d17e,111,0.09909909909909909,3.614678899082569,0.17028514753285395,Medium
e7d5b006eb624f13074497221eb37807,63,0.031746031746031744,3.111111111111111,0.17015873015873015,Medium
c31eff8334d6b3047ed34bebd4d62c36,123,0.13008130081300817,3.8524590163934427,0.1698520591763295,Medium
b33aaadd1a8891d2dfef0c4c3bdf0371,17,0.11764705882352944,3.764705882352941,0.16941176470588237,Medium
ef2fbc2b607d8492bcffe657a4645434,22,0.13636363636363635,3.909090909090909,0.16909090909090907,Medium
989becdce12ebc39863c2bceab6f3ca1,18,0.2222222222222222,4.555555555555555,0.1688888888888889,Medium
3ade81dab5a172b88e1871c28ae05260,32,0.15625,4.064516129032258,0.16858870967741937,Medium
977f9f63dd360c2a32ece2f93ad6d306,25,0.12,3.8,0.16799999999999998,Medium
39d54ff918774174706fb065d7f9dc07,25,0.12,3.8,0.16799999999999998,Medium
a13580f0e8f782b7a543885a0ef99f08,10,0.19999999999999996,4.4,0.16799999999999993,Medium
8a32e327fe2c1b3511609d81aaf9f042,180,0.1166666666666667,3.7752808988764044,0.1679775280898877,Medium
318f287a62ab7ac10b703ac37435a231,62,0.12903225806451613,3.870967741935484,0.16774193548387095,Medium
aac29b1b99776be73c3049939652091d,138,0.1376811594202898,3.9389312977099236,0.16749419183538,Medium
23613d49c3ac2bd302259e55c06c050c,80,0.09999999999999998,3.6582278481012658,0.16734177215189872,Medium
b7ed9fb14c8eadb37adb9c45d67ab0fb,11,0.0,2.909090909090909,0.1672727272727273,Medium
0249d282d911d23cb8b869ab49c99f53,11,0.18181818181818177,4.2727272727272725,0.16727272727272727,Medium
e8b3a3a38279a82f0e5d006d5e5b7d2c,92,0.10869565217391308,3.7282608695652173,0.16695652173913045,Medium
b1fc4f64df5a0e8b6913ab38803c57a9,121,0.11570247933884292,3.7815126050420167,0.16690047919994444,Medium
45ba18c210d42734ec52c0c1c574e9ee,41,0.12195121951219512,3.8292682926829267,0.1668292682926829,Medium
5b8154610ebb21fb90eb587365e673df,41,0.1707317073170732,4.195121951219512,0.1668292682926829,Medium
78744a20ee2f80ba64f6804c25def2b8,6,0.16666666666666663,4.166666666666667,0.16666666666666663,Medium
3d5d0dc7073a299e31fa718ce1bc00b6,24,0.16666666666666663,4.166666666666667,0.16666666666666663,Medium
b55638ad525e906c698fa2ce742c1742,12,0.16666666666666663,4.166666666666667,0.16666666666666663,Medium
3a3e46d10f74d8a6ca76e2b538f106a0,6,0.16666666666666663,4.166666666666667,0.16666666666666663,Medium
b7cc6c5e001441ae8cdd5c69a480cbe4,6,0.16666666666666663,4.166666666666667,0.16666666666666663,Medium
2dcf93836ae3ce0d7c93e2f10876467a,12,0.16666666666666663,4.166666666666667,0.16666666666666663,Medium
57c764b4a836300be881e2ff86e449f9,30,0.16666666666666663,4.172413793103448,0.1662068965517241,Medium
8b9d6eec4a7eb7d0f9d579ce0b38324d,53,0.15094339622641506,4.056603773584905,0.16603773584905662,Medium
28f10b1c5e5abb9d4857745bede6147c,28,0.1428571428571429,4.0,0.16571428571428573,Medium
6288c69c4ce638e59925e59193f98b16,22,0.13636363636363635,3.9545454545454546,0.16545454545454547,Medium
681fce914360217db47784ae28905a96,24,0.125,3.869565217391304,0.16543478260869565,Medium
f9903dd0f812c7e771fcad47b6fff231,15,0.0,2.933333333333333,0.16533333333333333,Medium
a2e874074c877c5a05abae80ad6e488f,46,0.13043478260869568,3.9130434782608696,0.16521739130434782,Medium
6b536a23086fba0d58c08d68814397f6,23,0.13043478260869568,3.9130434782608696,0.16521739130434782,Medium
0cbcee27c791afa0cdcb08587a2013a8,41,0.12195121951219512,3.8536585365853657,0.16487804878048778,Medium
1cbd50a8c52e6cf8e315c5709fab386f,9,0.11111111111111116,3.7777777777777777,0.1644444444444445,Medium
c500367424994318b9e779ff1ae9a330,9,0.11111111111111116,3.7777777777777777,0.1644444444444445,Medium
bafc5aa11e413978be29040f51342e70,9,0.11111111111111116,3.7777777777777777,0.1644444444444445,Medium
4a3ca9315b744ce9f8e9374361493884,1987,0.11424257674886762,3.803261977573904,0.16428458784340827,Medium
d7485b33791774c36108f8c69602d48d,10,0.09999999999999998,3.7,0.16399999999999998,Medium
e644cbadf7eeb30d0d29f335ce7d52ec,10,0.09999999999999998,3.7,0.16399999999999998,Medium
73a63f72308aa20a46f4b1632018f196,41,0.14634146341463417,4.05,0.16380487804878052,Medium
184a67a8f9f63234d3a92340bbdb727f,11,0.09090909090909094,3.6363636363636362,0.16363636363636364,Medium
9e6967d3cf386d284251784b18ccb485,11,0.09090909090909094,3.6363636363636362,0.16363636363636364,Medium
38102b031c2a15e54623d711bfc753d3,11,0.09090909090909094,3.6363636363636362,0.16363636363636364,Medium
3a734b715d333a2588a3d54a0c9b8746,24,0.16666666666666663,4.208333333333333,0.16333333333333336,Medium
93dc87703c046b603023e75222018b45,36,0.13888888888888884,4.0,0.16333333333333327,Medium
e99e927c81e3f51739c94fcdfca9f10f,25,0.07999999999999996,3.56,0.1632,Medium
20cb7c2fde3e5bf10f0bbe7394e1c6a9,51,0.11764705882352944,3.843137254901961,0.1631372549019608,Medium
15aac934c58d886785ac1b17953ea898,26,0.15384615384615385,4.115384615384615,0.16307692307692312,Medium
7b7f91e98f8c6def45a1407923304402,14,0.0714285714285714,3.5,0.16285714285714287,Medium
238fac594e170b59c6d228f5a4f4f1d9,30,0.1333333333333333,3.9655172413793105,0.16275862068965513,Medium
d5ba419e26d246a0719437cf37d9b46d,35,0.11428571428571432,3.823529411764706,0.1626890756302521,Medium
70a12e78e608ac31179aea7f8422044b,328,0.10670731707317072,3.7699386503067487,0.16242929821936253,Medium
bf84056e679dbe9c69929847a40e338f,40,0.09999999999999998,3.725,0.16199999999999998,Medium
4559697a8f7e637227c2eeaed843baff,42,0.1428571428571429,4.0476190476190474,0.16190476190476194,Medium
6562efe88ce0826a4ca4f189f03b4b84,21,0.1428571428571429,4.0476190476190474,0.16190476190476194,Medium
67bf6941ba2f1fa1d02c375766bc3e53,22,0.13636363636363635,4.0,0.1618181818181818,Medium
e89c4adbe7b1d0819dbb636e16461cf1,25,0.12,3.88,0.1616,Medium
165fc07beebdcb6190fba8a06db2a449,64,0.09375,3.6875,0.16124999999999998,Medium
2b1a40c1daabc6ca280c4b815c101841,35,0.08571428571428574,3.6285714285714286,0.16114285714285714,Medium
6b3bd31ad8fcda4b2635ec9f3ff2ecdf,43,0.11627906976744184,3.86046511627907,0.1609302325581395,Medium
e81e1f9c3e762e620f3fb60a51499e16,18,0.11111111111111116,3.823529411764706,0.1607843137254902,Medium
a6fe7de3d16f6149ffe280349a8535a0,52,0.13461538461538458,4.0,0.16076923076923072,Medium
900ba814c251a692506d7834c1218441,88,0.15909090909090906,4.188235294117647,0.16039572192513368,Medium
e9bc59e7b60fc3063eb2290deda4cced,269,0.12639405204460963,3.9442379182156135,0.16029739776951668,Medium
a7f13822ceb966b076af67121f87b063,86,0.05813953488372092,3.4352941176470586,0.16006019151846784,Medium
e2c92f9c1c7746d899d18f2e158bbff7,14,0.1428571428571429,4.071428571428571,0.16000000000000003,Medium
d8cf3b6a2151949f930d0252b180ec42,19,0.0,3.0,0.16000000000000003,Medium
c6381d2d013342748761e906d45aff76,28,0.0,3.0,0.16000000000000003,Medium
87d3c3aeb3ead335511b3ce315eb341e,15,0.06666666666666665,3.5,0.16,Medium
431050a06a317f2b38168dec3dcd2b46,12,0.16666666666666663,4.25,0.15999999999999998,Medium
1b7e5006cb25dd23ce8686691013b121,11,0.18181818181818177,4.363636363636363,0.15999999999999998,Medium
8cc6a0e5738e61a87b03c78b2ba9db4b,26,0.15384615384615385,4.153846153846154,0.15999999999999998,Medium
7e1fb0a3ebfb01ffb3a7dae98bf3238d,174,0.14942528735632188,4.133720930232558,0.1589574979951885,Medium
23a0ffca143a15b9b5bbdb7d552f626a,24,0.125,3.9583333333333335,0.15833333333333333,Medium
6a51fc556dab5f766ced6fbc860bc613,33,0.12121212121212122,3.9393939393939394,0.1575757575757576,Medium
271c58a1d139c45eaf3316107c6d3a3b,29,0.13793103448275867,4.068965517241379,0.15724137931034488,Medium
8f2ce03f928b567e3d56181ae20ae952,175,0.13714285714285712,4.063218390804598,0.15722824302134647,Medium
34056b8b55c1775a22af2331670a799c,78,0.1282051282051282,4.0,0.1569230769230769,Medium
82bd0703a4aefd6b599e5bfdaed378fb,24,0.08333333333333337,3.6666666666666665,0.1566666666666667,Medium
5ab05b6d86d417796c69ffd6774ec832,12,0.08333333333333337,3.6666666666666665,0.1566666666666667,Medium
525e75a6fb1454a2325ab1734bcec221,11,0.09090909090909094,3.727272727272727,0.15636363636363643,Medium
fe1bbc5feda5c8979a8a1b3b2512d5a6,10,0.09999999999999998,3.8,0.15599999999999997,Medium
8b2492b7ff4468839593fafeed55bad9,45,0.11111111111111116,3.888888888888889,0.15555555555555559,Medium
7813ea3ebd9411dc600b4dd01f7a97b9,9,0.11111111111111116,3.888888888888889,0.15555555555555559,Medium
8c0de775f52fe41590b376a3b7c50f68,9,0.11111111111111116,3.888888888888889,0.15555555555555559,Medium
10ff823eda2b032e2c93d17a7d294736,9,0.11111111111111116,3.888888888888889,0.15555555555555559,Medium
3935fe5fe0f82787a9dcb8deb62be09d,17,0.11764705882352944,3.9411764705882355,0.1552941176470588,Medium
323ce52b5b81df2cd804b017b7f09aa7,30,0.16666666666666663,4.310344827586207,0.1551724137931034,Medium
4d600e08ecbe08258c79e536c5a42fee,8,0.125,4.0,0.15499999999999997,Medium
37dd29b36c458d82f74a953c40c43645,8,0.125,4.0,0.15499999999999997,Medium
4c2b230173bb36f9b240f2b8ac11786e,346,0.09248554913294793,3.757309941520468,0.15490653415813133,Medium
0176f73cc1195f367f7b32db1e5b3aa8,39,0.1282051282051282,4.0256410256410255,0.15487179487179487,Medium
66dc1b1632bd6a3e508510c5b3492107,42,0.04761904761904767,3.4285714285714284,0.15428571428571433,Medium
a254c682cc01e119f83530446f1df9a9,7,0.1428571428571429,4.142857142857143,0.1542857142857143,Medium
abbf6046bbdf1028606a5bc7f00c99e7,7,0.1428571428571429,4.142857142857143,0.1542857142857143,Medium
2b03ac196f5ed62ac483960fe0fa3b65,7,0.1428571428571429,4.142857142857143,0.1542857142857143,Medium
7d7d2b7a51328016102d4528c411d630,7,0.1428571428571429,4.142857142857143,0.1542857142857143,Medium
fa3a0b5aabb344b9a92e3524b0202123,7,0.1428571428571429,4.142857142857143,0.1542857142857143,Medium
adbc26658d6c7b4b6219f9d934598091,92,0.13043478260869568,4.054347826086956,0.15391304347826093,Medium
a2fa0bdc798ee84cdb08281337cf4fb6,13,0.15384615384615385,4.230769230769231,0.15384615384615385,Medium
36890be00bbfc1cdb9a4a38a6af05a69,13,0.15384615384615385,4.230769230769231,0.15384615384615385,Medium
00720abe85ba0859807595bbf045a33b,26,0.07692307692307687,3.6538461538461537,0.15384615384615383,Medium
7d13fca15225358621be4086e1eb0964,578,0.12283737024221453,4.001742160278746,0.15356304932302903,Medium
eba88037e1dca898cd02881f67ced679,6,0.16666666666666663,4.333333333333333,0.15333333333333335,Medium
ccb83a794700270fde70898fe9ff368b,12,0.16666666666666663,4.333333333333333,0.15333333333333335,Medium
14ee35374a7876217954b5fa08e50463,6,0.16666666666666663,4.333333333333333,0.15333333333333335,Medium
0e44d110fa6a54e121cb2c095a77762f,6,0.16666666666666663,4.333333333333333,0.15333333333333335,Medium
72146da5774cabf2632faedcae097a76,6,0.16666666666666663,4.333333333333333,0.15333333333333335,Medium
dc4a0fc896dc34b0d5bfec8438291c80,249,0.09236947791164662,3.7771084337349397,0.1532530120481928,Medium
7aa4334be125fcdd2ba64b3180029f14,240,0.12916666666666665,4.054621848739496,0.15313025210084033,Medium
213b25e6f54661939f11710a6fddb871,194,0.09278350515463918,3.7853403141361257,0.15284287796189344,Medium
5b179e9e8cc7ab6fd113a46ca584da81,36,0.05555555555555558,3.5142857142857142,0.1521904761904762,Medium
6bd503a8230299c9316fb0f726933927,5,0.19999999999999996,4.6,0.152,Medium
4e922959ae960d389249c378d1c939f5,454,0.10572687224669608,3.89532293986637,0.15181028815870806,Medium
cfb1a033743668a192316f3c6d1d2671,184,0.11413043478260865,3.959016393442623,0.15175694939415535,Medium
8e6cc767478edae941d9bd9eb778d77a,114,0.10526315789473684,3.892857142857143,0.15172932330827066,Medium
c458e2045a8aa8964f8879af03fdcce6,9,0.0,3.111111111111111,0.1511111111111111,Medium
9803a40e82e45418ab7fb84091af5231,18,0.0,3.111111111111111,0.1511111111111111,Medium
63b464dbf392c7b80d12d932fa7cafed,39,0.07692307692307687,3.6923076923076925,0.15076923076923074,Medium
7ddcbb64b5bc1ef36ca8c151f6ec77df,343,0.10495626822157433,3.9073529411764705,0.15038552563882696,Medium
c679fb69a36e1d8349e8c50a217b4d58,17,0.05882352941176472,3.5625,0.15029411764705883,Medium
634964b17796e64304cadf1ad3050fb7,326,0.09815950920245398,3.8584615384615386,0.15021878244454934,Medium
36a968b544695394e4e9d7572688598f,162,0.0679012345679012,3.632716049382716,0.15012345679012346,Medium
59b22a78efb79a4797979612b885db36,133,0.1127819548872181,3.9696969696969697,0.15009341535657328,Medium
9906e7aa42a3c067b7c9a564d01c4320,16,0.125,4.0625,0.15000000000000002,Medium
7d76b645482be4a332374e8223836592,187,0.106951871657754,3.9297297297297296,0.14979274461627404,Low
ef506c96320abeedfb894c34db06f478,340,0.1029411764705882,3.9017857142857144,0.14962184873949577,Low
fb3cfbc8a86f5d7fbb4d36b8df63f60d,15,0.0,3.1333333333333333,0.14933333333333332,Low
bce6a5ecf98e99fd2a8868b15c51f04b,15,0.1333333333333333,4.133333333333334,0.14933333333333326,Low
bc302730ea8cf49b5c74f579febb5bbf,11,0.09090909090909094,3.8181818181818183,0.1490909090909091,Low
b33e7c55446eabf8fe1a42d037ac7d6d,155,0.13548387096774195,4.15483870967742,0.1489032258064516,Low
0afccdb8a34ee5c79f7c06faf2b4d56e,25,0.12,4.041666666666667,0.14866666666666667,Low
b499c00f28f4b7069ff6550af8c1348a,187,0.1336898395721925,4.144385026737968,0.1486631016042781,Low
ffeee66ac5d5a62fe688b9d26f83f534,14,0.1428571428571429,4.214285714285714,0.1485714285714286,Low
ff1fb4c404b2efe68b03350a8dc24122,49,0.12244897959183676,4.061224489795919,0.14857142857142855,Low
0adac9fbd9a2b63cccaac4f8756c1ca8,142,0.09859154929577463,3.8865248226950353,0.14823294376186194,Low
7139dc5186aa238b006e066d8fbab2e4,24,0.125,4.086956521739131,0.14804347826086955,Low
1996942dc085d7773ba77a529b163cd0,10,0.09999999999999998,3.9,0.14799999999999996,Low
6b9b80d53ba3676eafe60268a810b5a1,10,0.09999999999999998,3.9,0.14799999999999996,Low
a0415d9b25ede3c4b1e477e9916ffc03,10,0.09999999999999998,3.9,0.14799999999999996,Low
05a940b4ecae36cadfd8e93bd9c43257,10,0.09999999999999998,3.9,0.14799999999999996,Low
9198786624eaeb375793215cad26cfa6,10,0.09999999999999998,3.9,0.14799999999999996,Low
048c2757535328e0d7dac690ad3c0aae,51,0.13725490196078427,4.18,0.14795294117647056,Low
974cf2cb8f4b7add98709c30df02fe10,33,0.12121212121212122,4.0606060606060606,0.1478787878787879,Low
8648b1e89e9b349e32d3741b30ec737e,103,0.11650485436893199,4.029126213592233,0.1475728155339805,Low
9a84ba99f5367fdbd4598363496f1ea2,16,0.0625,3.625,0.14750000000000002,Low
2e90cb1677d35cfe24eef47d441b7c87,137,0.11678832116788318,4.036496350364963,0.14715328467153288,Low
04308b1ee57b6625f47df1d56f00eedf,94,0.0957446808510638,3.882978723404255,0.14680851063829786,Low
a416b6a846a11724393025641d4edd5e,181,0.13259668508287292,4.1602209944751385,0.14674033149171267,Low
cfa5ab0e4d3fc212fd0b3410e7081c62,21,0.04761904761904767,3.5238095238095237,0.14666666666666672,Low
2b3b9ce054da76a7428df143a567b156,6,0.0,3.1666666666666665,0.1466666666666667,Low
70849ca4f400aaabb62cb7462a6f1428,12,0.16666666666666663,4.416666666666667,0.1466666666666666,Low
276677b5d08786d5dce7c2149dcce48b,47,0.08510638297872342,3.8085106382978724,0.14638297872340428,Low
3be634553519fb6536a03e1358e9fdc7,99,0.101010101010101,3.9292929292929295,0.14626262626262623,Low
a36b125ac6d5fdbc7f50de85c9157bdc,26,0.11538461538461542,4.038461538461538,0.1461538461538462,Low
afa6714acee029b2dfdf357e5579cc03,17,0.11764705882352944,4.0588235294117645,0.1458823529411765,Low
fe49ee029e61e789a1f3a5525f57ba8d,17,0.11764705882352944,4.0588235294117645,0.1458823529411765,Low
38e679b9e0064cd94c6f035707344dae,30,0.09999999999999998,3.9310344827586206,0.14551724137931032,Low
1690cada046eb7e92c12f98b1f8a8167,11,0.18181818181818177,4.545454545454546,0.1454545454545454,Low
bacb1f0ed56ad24198f5810d2b3fe9a5,42,0.11904761904761907,4.075,0.1454285714285714,Low
0ed6ce5d87fd9c69eaacaeb778d67235,43,0.16279069767441856,4.404761904761905,0.1452934662236987,Low
ce27a3cc3c8cc1ea79d11e561e9bebb6,164,0.09146341463414631,3.8714285714285714,0.1451637630662021,Low
2d2c62bef4c8ba0dd74e0e228e808539,16,0.125,4.125,0.14500000000000002,Low
ea65d8b58316a6f2362f2a9e4b3e86ad,16,0.0,3.1875,0.14500000000000002,Low
27a56ff04b34c2ba34ce6ba4d3b9d616,8,0.125,4.125,0.14500000000000002,Low
081acf3de680d554796c9cf041be7bc2,8,0.125,4.125,0.14500000000000002,Low
25c5c91f63607446a97b143d2d535d31,269,0.07063197026022305,3.718283582089552,0.14491649558896968,Low
522620dcb18a6b31cd7bdf73665113a9,180,0.09444444444444444,3.897727272727273,0.14484848484848487,Low
4305fe92735c8a43d154ff6dd2b8d927,21,0.09523809523809523,3.9047619047619047,0.14476190476190476,Low
3c7c4a49ec3c6550809089c6a2ca9370,160,0.06874999999999998,3.70625,0.14475000000000002,Low
f7ba60f8c3f99e7ee4042fdef03b70c4,230,0.13478260869565217,4.2043478260869565,0.14452173913043478,Low
d2374cbcbb3ca4ab1086534108cc3ab7,631,0.0649762282091918,3.6813804173354736,0.14447530353867719,Low
daeb5653dd96c1b11860f72209795012,41,0.12195121951219512,4.109756097560975,0.14439024390243904,Low
dd2bdf855a9172734fbc3744021ae9b9,113,0.07964601769911506,3.794392523364486,0.14423620875031015,Low
3fadb4cba4c35bce6a7eaf9872d5623a,5,0.0,3.2,0.144,Low
d2e753bb80b7d4faa77483ed00edc8ca,15,0.06666666666666665,3.7,0.144,Low
fedf2c1386e137f296b3bbf3b635e69d,5,0.0,3.2,0.144,Low
c53bcd3be457a342a97e39e5a9f0be22,5,0.0,3.2,0.144,Low
35ef5aa32949680f627efec3c23e705c,5,0.0,3.2,0.144,Low
aded58c8142dedc5494a81f948431fab,5,0.0,3.2,0.144,Low
54219883e72aad869adfb2a54b7bfa0f,5,0.0,3.2,0.144,Low
655220df33262c7e0c4949a147366f94,15,0.1333333333333333,4.2,0.14399999999999996,Low
8b8cfc8305aa441e4239358c9f6f2485,15,0.1333333333333333,4.2,0.14399999999999996,Low
751bdc4d83a466c7206cd42e8f426b03,71,0.05633802816901412,3.6231884057971016,0.14394774443764036,Low
e9d99831abad74458942f21e16f33f92,149,0.09395973154362414,3.9054054054054053,0.14394340649374204,Low
6a0cbc8af2e8abd1bdfb777943d174c6,35,0.11428571428571432,4.0588235294117645,0.1438655462184874,Low
1d8dbc4f32378d715c717c1c1fc57bae,98,0.09183673469387754,3.8958333333333335,0.14343537414965984,Low
3df020b72d3d44b3af9d110fa3940b65,101,0.09900990099009899,3.9504950495049505,0.14336633663366333,Low
3b15288545f8928d3e65a8f949a28291,121,0.09090909090909094,3.8916666666666666,0.14321212121212124,Low
7bac63f6603d382cc8d0832eb6c100a8,19,0.10526315789473684,4.0,0.1431578947368421,Low
f7ccf836d21b2fb1de37564105216cc1,74,0.08108108108108103,3.8194444444444446,0.14309309309309304,Low
af4a0e4cfe1d9c26b6712b1be25a72e5,26,0.038461538461538436,3.5,0.14307692307692307,Low
50c9975695009e5e6473912e83a6d1da,68,0.1029411764705882,3.985074626865672,0.1429587357330992,Low
056b4ada5bbc2c50cc7842547dda6b51,66,0.12121212121212122,4.123076923076923,0.14288111888111893,Low
78a4d36f65a019172c6154468831a69f,7,0.1428571428571429,4.285714285714286,0.1428571428571429,Low
385799a1cddbd26dfeb9157356a42282,7,0.1428571428571429,4.285714285714286,0.1428571428571429,Low
20a8b0dc55da94fe74d112082427c84f,7,0.1428571428571429,4.285714285714286,0.1428571428571429,Low
28405831a29823802aa22c084cfd0649,7,0.1428571428571429,4.285714285714286,0.1428571428571429,Low
83b08de96980757220871b31bf6cffca,7,0.1428571428571429,4.285714285714286,0.1428571428571429,Low
5a425cc503b39b262a847fd6212bf53b,15,0.1333333333333333,4.214285714285714,0.14285714285714285,Low
1ce3ae5a399804d1a87e706f8a813c3e,44,0.06818181818181823,3.727272727272727,0.1427272727272728,Low
7f2617c58d5d06806987308b45654351,23,0.08695652173913049,3.869565217391304,0.14260869565217396,Low
1b1ae47a313a825a7ccceb8e2e30fa9d,11,0.09090909090909094,3.9,0.14254545454545456,Low
9c0e69c7bf2619675bbadf47b43f655a,206,0.10679611650485432,4.019607843137255,0.1425090424519322,Low
ad75519a07f039025e83795a4418470f,9,0.0,3.2222222222222223,0.14222222222222222,Low
d29ba1220fb8634fa3a107e54497b8a4,9,0.0,3.2222222222222223,0.14222222222222222,Low
c8467937e403e76a8ee9f0ab13f6f5ef,33,0.12121212121212122,4.133333333333334,0.142060606060606,Low
f457c46070d02cadd8a68551231220dd,234,0.07264957264957261,3.769396551724138,0.14203801945181255,Low
e8b4225284fbb02d16f200513f1f395d,31,0.12903225806451613,4.193548387096774,0.14193548387096777,Low
615005a3ef192c00c6f0e977cee3d2bc,11,0.09090909090909094,3.909090909090909,0.14181818181818184,Low
0be8ff43f22e456b4e0371b2245e4d01,180,0.0888888888888889,3.8944444444444444,0.1417777777777778,Low
b561927807645834b59ef0d16ba55a24,95,0.1473684210526316,4.336842105263158,0.14147368421052633,Low
d05ae8f7a5bd1d2a690a44cd079e4e27,81,0.07407407407407407,3.7875,0.14144444444444443,Low
e48cc16ab70bfa09e1401740dce0b3d7,17,0.0,3.235294117647059,0.1411764705882353,Low
ea8482cd71df3c1969d7b9473ff13abc,1203,0.09559434746467166,3.952341137123746,0.14116931750890332,Low
a888faf2d1baececa6baf9c3d603ee1f,55,0.10909090909090913,4.054545454545455,0.1410909090909091,Low
13d058e4eeac2ce8217660b2f8a05812,23,0.13043478260869568,4.217391304347826,0.1408695652173913,Low
cbd996ad3c1b7dc71fd0e5f5df9087e2,196,0.11224489795918369,4.081081081081081,0.14086045228902377,Low
77530e9772f57a62c906e1c21538ab82,389,0.10796915167095111,4.0490956072351425,0.14085384242375926,Low
fb89df7f89fd1b8f03fa2acca1ba7364,25,0.07999999999999996,3.84,0.14079999999999998,Low
5656537e588803a555b8eb41f07a944b,188,0.07446808510638303,3.8031914893617023,0.14042553191489363,Low
26d8a1c7c75d513045798992ead43aa2,38,0.13157894736842102,4.2368421052631575,0.14,Low
edf96ef93ed595084bbcbd9224bd2894,28,0.0714285714285714,3.7857142857142856,0.13999999999999999,Low
07bf9669d84d1f11be443a9dd938f698,24,0.0,3.25,0.13999999999999999,Low
c273175f7c6c80fb02f051e2fc6d0d72,14,0.0714285714285714,3.7857142857142856,0.13999999999999999,Low
a23266650e7c84bb93fbbba502137478,16,0.0,3.25,0.13999999999999999,Low
f5f46307a4d15880ca14fab4ad9dfc9b,10,0.09999999999999998,4.0,0.13999999999999996,Low
fe87f472055fbcf1d7e691c00b1560dc,6,0.16666666666666663,4.5,0.13999999999999996,Low
ad97a199236354e53fcd91a5a913e9a2,18,0.16666666666666663,4.5,0.13999999999999996,Low
3c3017960b2dbd72711a61f0400aab8f,10,0.09999999999999998,4.0,0.13999999999999996,Low
f214d28e8d8e3ef068748498ccc2f813,59,0.10169491525423724,4.017241379310345,0.13963763880771474,Low
cd06602b43d8800bd0afad514919d35c,53,0.05660377358490565,3.6792452830188678,0.139622641509434,Low
5c6d4016c2a288f074fa0848a2b653d2,35,0.11428571428571432,4.114285714285714,0.1394285714285715,Low
8b321bb669392f5163d04c59e235e066,1018,0.0982318271119843,3.995069033530572,0.1393335735847448,Low
5f2684dab12e59f83bef73ae57724e45,74,0.06756756756756754,3.77027027027027,0.13891891891891892,Low
2745f798279e0ed033addcc1474776d7,32,0.09375,3.967741935483871,0.13883064516129032,Low
bd1d49a326abfa9b1036772e40445430,13,0.07692307692307687,3.8461538461538463,0.1384615384615384,Low
391fc6631aebcf3004804e51b40bcf1e,613,0.09135399673735722,3.961348684210526,0.13790450330557225,Low
03a2a6dcbe45d639c4dc2a0d24769c40,9,0.11111111111111116,4.111111111111111,0.13777777777777783,Low
d1582f4043306e6b91afa6a8a884f898,9,0.11111111111111116,4.111111111111111,0.13777777777777783,Low
fcb5ace8bcc92f75707dc0f01a27d269,73,0.06849315068493156,3.7916666666666665,0.1377625570776256,Low
198c7ea11960a9844b544d9bcdca860c,25,0.07999999999999996,3.88,0.13759999999999997,Low
76d5af76d0271110f9af36c92573f765,159,0.10691823899371067,4.082278481012659,0.1375686649152137,Low
9d7a1d34a5052409006425275ba1c2b4,16,0.0625,3.75,0.1375,Low
d1c281d3ae149232351cd8c8cc885f0d,240,0.06666666666666665,3.7857142857142856,0.13714285714285715,Low
52ac6f920b7280e4c6d30dd94de6259b,7,0.0,3.2857142857142856,0.13714285714285715,Low
430315b7bb4b6e4b3c978f9dfa9b0558,21,0.09523809523809523,4.0,0.13714285714285712,Low
4869f7a5dfa277a7dca6462dcf3b52b2,1156,0.11159169550173009,4.122822299651568,0.13712923332891264,Low
7202e2ba20579a9bd1acb29e61fe71f6,55,0.07272727272727275,3.8333333333333335,0.13696969696969696,Low
1900267e848ceeba8fa32d80c1a5f5a8,529,0.07561436672967858,3.8550863723608444,0.13696171024893963,Low
9f50216bfd01913736a55a11b55ea842,19,0.1578947368421053,4.473684210526316,0.13684210526315793,Low
b39d7fe263ef469605dbb32608aee0af,49,0.061224489795918324,3.75,0.136734693877551,Low
0dd184061fb0eaa7ca37932c68ab91c5,193,0.08808290155440412,3.953125,0.13659974093264246,Low
f97e2b0650c2068227e1d366140eb62f,21,0.04761904761904767,3.65,0.13657142857142862,Low
3ab971ce71839580d2ae5b4e40fe8044,38,0.07894736842105265,3.888888888888889,0.1362573099415205,Low
76c47a299e4a8fe992316a85865acbe9,10,0.19999999999999996,4.8,0.13599999999999998,Low
5236605f4d4b0b3e4df85b850393fca0,5,0.19999999999999996,4.8,0.13599999999999998,Low
7b8e8ec35bad4b0ef7e3963650b0a87b,5,0.19999999999999996,4.8,0.13599999999999998,Low
8e34331b7eedd03be4e5d965c1956225,5,0.19999999999999996,4.8,0.13599999999999998,Low
b18871c324516afa228a13e8f1ef0ae9,23,0.08695652173913049,3.9565217391304346,0.13565217391304352,Low
99002261c568a84cce14d43fcffb43ea,36,0.05555555555555558,3.7222222222222223,0.13555555555555557,Low
e627629ba868740e287800f1a9be81c2,13,0.15384615384615385,4.461538461538462,0.13538461538461538,Low
f45122a9ab94eb4f3f8953578bc0c560,200,0.07999999999999996,3.91,0.1352,Low
e5e33c0d8e7e002f398f5dc4cbbb338f,29,0.13793103448275867,4.344827586206897,0.13517241379310346,Low
45d33f715e24d15a6ccf5c17b3a23e3c,61,0.09836065573770492,4.049180327868853,0.13508196721311475,Low
1025f0e2d44d7041d6cf58b6550e0bfa,1428,0.07212885154061621,3.853107344632768,0.1350287233537483,Low
15fa791d5e017f66402dc28c44480657,8,0.125,4.25,0.135,Low
6e4a902d1054e4e17aa6eab87fac1c75,8,0.125,4.25,0.135,Low
ba6b4a237f92479743cf0ca06b67a9ac,8,0.125,4.25,0.135,Low
44073f8b7e41514de3b7815dd0237f4f,153,0.05882352941176472,3.7565789473684212,0.13476780185758513,Low
ea00f977a203ff88adf7057cb7806998,19,0.10526315789473684,4.105263157894737,0.1347368421052631,Low
373ee4a3a775a733770ca3f790b8b9ac,22,0.09090909090909094,4.0,0.13454545454545455,Low
9df5750209b83567ec144eb299d7d634,11,0.09090909090909094,4.0,0.13454545454545455,Low
c4fabeea6e569d42d02993bb1f4f1cbc,11,0.09090909090909094,4.0,0.13454545454545455,Low
31ae0774c17fabd06ff707cc5bde005f,11,0.09090909090909094,4.0,0.13454545454545455,Low
f4aba7c0bca51484c30ab7bdc34bcdd1,117,0.07692307692307687,3.8956521739130436,0.13450167224080264,Low
3361277dc30b7cccdb0c286b24219756,42,0.11904761904761907,4.214285714285714,0.13428571428571429,Low
45213867cefbf2cd4c6177e10216a951,14,0.0714285714285714,3.857142857142857,0.13428571428571426,Low
643214e62b870443ccbe55ab29a4dccf,68,0.1470588235294118,4.426470588235294,0.1341176470588235,Low
1336efc61c316ddf92c899eb817f7cae,85,0.08235294117647063,3.9411764705882355,0.1341176470588235,Low
49067458c68f7701fd334ce326accbe0,37,0.0,3.324324324324324,0.13405405405405407,Low
1da366cade6d8276e7d8beea7af5d4bf,49,0.08163265306122447,3.9375,0.1339795918367347,Low
688756f717c462a206ad854c5027a64a,101,0.05940594059405946,3.7755102040816326,0.13360274802990507,Low
4992e76a42cb3aad7a7047e0d3d7e729,74,0.06756756756756754,3.8378378378378377,0.13351351351351354,Low
21e83881401b92b49fb09a16d3852291,15,0.1333333333333333,4.333333333333333,0.13333333333333336,Low
38e6dada03429a47197d5d584d793b41,12,0.0,3.3333333333333335,0.1333333333333333,Low
2ea0861cc19e94cad86438c984c52da4,6,0.0,3.3333333333333335,0.1333333333333333,Low
ea67327e24487bdfac5fbfa37ea124df,34,0.02941176470588236,3.5588235294117645,0.13294117647058828,Low
30829ded4523ab9224b93bc49a62c95f,31,0.032258064516129004,3.5806451612903225,0.13290322580645164,Low
229c3efbfb0ea2058de4ccdfbc3d784a,148,0.04054054054054057,3.643835616438356,0.13281747500925586,Low
5d0363b33554b373851fc1622e4d5f3c,95,0.09473684210526312,4.052631578947368,0.1326315789473684,Low
e5a38146df062edaf55c38afa99e42dc,125,0.07999999999999996,3.943548387096774,0.13251612903225807,Low
d101c6da914ae3d53f7bee42283f2fe2,16,0.0625,3.8125,0.13250000000000003,Low
8f54d64f28a993550aa7943f12572959,16,0.0625,3.8125,0.13250000000000003,Low
a3e9a2c700480d9bb01fba070ba80a0e,144,0.09027777777777779,4.02112676056338,0.13247652582159627,Low
8e8a7ce9f2f970dc00e2acf6f6e199f6,66,0.09090909090909094,4.030769230769231,0.13208391608391612,Low
d3674f271c91f824f82d24d92011f669,20,0.09999999999999998,4.1,0.132,Low
3968920b9aa752ab98f7d5888c9252f2,10,0.09999999999999998,4.1,0.132,Low
f8201cab383e484733266d1906e2fdfa,10,0.09999999999999998,4.1,0.132,Low
48436dade18ac8b2bce089ec2a041202,151,0.0927152317880795,4.046357615894039,0.13192052980132454,Low
e3a386fc36e22064434e1fa256f6a9fa,17,0.11764705882352944,4.235294117647059,0.13176470588235295,Low
4c498c7345e89aebad651544829beca0,48,0.125,4.291666666666667,0.13166666666666665,Low
e21a1e8be4715b0fcfd5385643bc49c4,24,0.04166666666666663,3.6666666666666665,0.13166666666666665,Low
fe26f3ecb51a15e6d8335cd92da42562,7,0.1428571428571429,4.428571428571429,0.13142857142857142,Low
6f229cc508fc6915ed5c499efd93baa4,14,0.1428571428571429,4.428571428571429,0.13142857142857142,Low
a63bfbaa882c8f4542891b4e2246cc7f,7,0.1428571428571429,4.428571428571429,0.13142857142857142,Low
a1474fd46fd3430168f7ec202da39408,14,0.1428571428571429,4.428571428571429,0.13142857142857142,Low
1dcfa3835714681d4ba4a93bc1e0fd41,15,0.06666666666666665,3.857142857142857,0.1314285714285714,Low
c826c40d7b19f62a09e2d7c5e7295ee2,373,0.09115281501340478,4.0431266846361185,0.1312415542371534,Low
6d66611d7c44cc30ce351abc49a68421,176,0.07386363636363635,3.913793103448276,0.13121473354231974,Low
ffa6adafb71b807dc13159e26431354c,18,0.05555555555555558,3.7777777777777777,0.13111111111111115,Low
270297ead4c65a6cd2593960d2af6b21,20,0.050000000000000044,3.736842105263158,0.13105263157894742,Low
d51e0a403fe2e689ece6c73359d96e12,26,0.11538461538461542,4.230769230769231,0.1307692307692308,Low
406822777a0b9eb5c50e442dd4cd3ec5,47,0.12765957446808507,4.326086956521739,0.1305087881591119,Low
001cca7ae9ae17fb1caed9dfb1094831,239,0.07112970711297073,3.902542372881356,0.13047443443727397,Low
4e17c65a516f69d023a2ae78b84f28d6,74,0.09459459459459463,4.081081081081081,0.13027027027027033,Low
343e716476e3748b069f980efbaa294e,24,0.08333333333333337,4.0,0.13,Low
ec80e49e69745ab6c14f984bf2149423,12,0.08333333333333337,4.0,0.13,Low
04aba03279157f6d4e0fe8ccaf21963c,16,0.125,4.3125,0.12999999999999998,Low
ba143b05f0110f0dc71ad71b4466ce92,86,0.13953488372093026,4.423529411764706,0.12983857729138165,Low
08d2d642cf72b622b14dde1d2f5eb2f5,21,0.1428571428571429,4.45,0.12971428571428573,Low
a420f60ff1aa9acc80d0e42959f2b313,69,0.07246376811594202,3.925373134328358,0.12944841012329655,Low
17e34d8224d27a541263c4c64b11a56b,268,0.10074626865671643,4.139097744360902,0.12931994164515767,Low
b2ba3715d723d245138f291a6fe42594,363,0.09641873278236912,4.108333333333333,0.12918457300275482,Low
1f50f920176fa81dab994f9023523100,1931,0.0802692905230451,3.987259490379615,0.12918081508345786,Low
16090f2ca825584b5a147ab24aa30c86,410,0.08780487804878045,4.044226044226044,0.12914484329118475,Low
3f3486b61f45078d4f31ee5e43d8c5bb,40,0.125,4.325,0.129,Low
4c18691b6037662be2df78a765d98ab5,67,0.05970149253731338,3.8358208955223883,0.128955223880597,Low
b3f19518fcec265b2e97af287725f981,9,0.11111111111111116,4.222222222222222,0.12888888888888891,Low
c33a5c3c983090c8b78a28e65052a20d,9,0.11111111111111116,4.222222222222222,0.12888888888888891,Low
06532f10282704ef4c69168b914b77be,9,0.11111111111111116,4.222222222222222,0.12888888888888891,Low
2138ccb85b11a4ec1e37afbd1c8eda1f,429,0.06759906759906764,3.897196261682243,0.12878373962486114,Low
49e7217cfe4e427191c378ec626d8737,14,0.0714285714285714,3.9285714285714284,0.12857142857142856,Low
ececbfcff9804a2d6b40f589df8eef2b,104,0.09615384615384615,4.115384615384615,0.12846153846153846,Low
6560211a19b47992c3666cc44a7e94c0,2033,0.06837186424003938,3.908142999006951,0.12837167862346754,Low
cca3071e3e9bb7d12640c9fbe2301306,830,0.06024096385542166,3.850985221674877,0.12806576057926286,Low
89d9a386b0b6e5fc8403071b03f7206a,5,0.0,3.4,0.12800000000000003,Low
71593c7413973a1e160057b80d4958f6,5,0.0,3.4,0.12800000000000003,Low
6e4f5ff6b086632ba8dcb558fb10249e,5,0.0,3.4,0.12800000000000003,Low
3bdff180c7e1f6551a643b99c265a120,61,0.08196721311475408,4.016666666666667,0.12784699453551912,Low
af3ef48d0e13835e529c29ac573c63e5,21,0.04761904761904767,3.761904761904762,0.12761904761904766,Low
1eade46fba20122dc4aefb379f8c636b,75,0.12,4.306666666666667,0.12746666666666667,Low
236585a4ddb5fea9fa40233e2249ed91,11,0.09090909090909094,4.090909090909091,0.12727272727272732,Low
1e483cc5c76fef08d3ca05f9a8af7d01,11,0.09090909090909094,4.090909090909091,0.12727272727272732,Low
6e0908ef4d4efadbc3cc2b74ea477cb0,11,0.09090909090909094,4.090909090909091,0.12727272727272732,Low
eed78ac17f7f795a19a709745f00cd4e,56,0.0,3.4107142857142856,0.12714285714285714,Low
218d46b86c1881d022bce9c68a7d4b15,427,0.09836065573770492,4.149411764705882,0.12706345226615234,Low
3db66a856d18a9cba7c9241fc5221c50,97,0.1030927835051546,4.185567010309279,0.1270103092783505,Low
11305281b50fff20ae8bb473f8e11876,40,0.125,4.35,0.12700000000000006,Low
9596c870880d900012f2e8e6e30d06d7,24,0.08333333333333337,4.041666666666667,0.12666666666666668,Low
c510bc1718f0f2961eaa42a23330681a,13,0.07692307692307687,4.0,0.12615384615384612,Low
f61c63d13f7cd800549d5acdd390ae72,26,0.07692307692307687,4.0,0.12615384615384612,Low
c33847515fa6305ce6feb1e818569f13,128,0.0390625,3.71875,0.12593749999999998,Low
2e7ea2aafec5835e781b21d6d1faf1f1,7,0.1428571428571429,4.5,0.12571428571428572,Low
5b07547f10dd980738a1a27f685af669,14,0.1428571428571429,4.5,0.12571428571428572,Low
d673a59aac7a70d8b01e6902bf090a11,84,0.0714285714285714,3.9642857142857144,0.12571428571428567,Low
701938c450705b8ae65fc923b70f35c7,112,0.044642857142857095,3.765765765765766,0.12552445302445298,Low
2a6fbeaa7ab9e5d59a35841a8da71ce4,30,0.06666666666666665,3.9310344827586206,0.12551724137931033,Low
7b1222c3624aa89b9558b50a2594188c,22,0.13636363636363635,4.454545454545454,0.12545454545454546,Low
55f7a3319d80f7fdf078b8f03e6725fe,22,0.045454545454545414,3.772727272727273,0.1254545454545454,Low
6a8a889bde935bafa76d7848782dfaf9,30,0.06666666666666665,3.933333333333333,0.12533333333333335,Low
f80edd2c5aaa505cc4b0a3b219abf4b8,128,0.0859375,4.078740157480315,0.1252632874015748,Low
8f580d36c1e9d6fbce95283403c7d447,8,0.125,4.375,0.125,Low
f615fe7efbef0f4f08fd3086bc7a3e60,24,0.125,4.375,0.125,Low
c79151301b9d90985d1fa52879213105,8,0.125,4.375,0.125,Low
c794dab4928dd97beb41d05514441e86,16,0.125,4.375,0.125,Low
73b8eb4a9a729d4019b24ed1be748cbf,8,0.125,4.375,0.125,Low
577719699805dd125d5b6fdde5943bba,8,0.125,4.375,0.125,Low
f262cbc1c910c83959f849465454ddd3,207,0.08695652173913049,4.089805825242719,0.12498944702406078,Low
7681ef142fd2c19048da7430856b5588,77,0.09090909090909094,4.12,0.12494545454545454,Low
955fee9216a65b617aa5c0531780ce60,1499,0.08138759172781851,4.050437121721587,0.12479758529896412,Low
c12b92bf1c350f3e6bf88d3596219c86,17,0.05882352941176472,3.8823529411764706,0.1247058823529412,Low
813348c996469b40f2e028d5429d3495,202,0.07425742574257421,4.0,0.12455445544554451,Low
620c87c171fb2a6dd6e8bb4dec959fc6,798,0.10275689223057649,4.214285714285714,0.12451127819548875,Low
f08a5b9dd6767129688d001acafc21e5,18,0.0,3.4444444444444446,0.12444444444444445,Low
f0b47fbbc6dee9aafe415a6e33051b3f,86,0.10465116279069764,4.232558139534884,0.12418604651162785,Low
d650b663c3b5f6fb392b6326366efa9a,60,0.09999999999999998,4.2,0.12399999999999996,Low
cc419e0650a3c5ba77189a1882b7556a,1775,0.0811267605633803,4.066402565553669,0.12336385109373467,Low
7142540dd4c91e2237acb7e911c4eba2,331,0.0785498489425982,4.047112462006079,0.1233609124050726,Low
8476243f92442881ddd5b578975cf115,12,0.08333333333333337,4.083333333333333,0.12333333333333338,Low
2a5b78b41cd05baeac8df54c6606b92c,60,0.08333333333333337,4.083333333333333,0.12333333333333338,Low
47efca563408aae19bb7206c2d969ea9,12,0.08333333333333337,4.083333333333333,0.12333333333333338,Low
92eb0f42c21942b6552362b9b114707d,365,0.06301369863013695,3.930939226519337,0.1233330810565352,Low
f84fa566034f5e8e880a07ec624c56af,102,0.10784313725490191,4.267326732673268,0.12331974373907972,Low
37515688008a7a40ac93e3b2e4ab203f,240,0.08333333333333337,4.084033613445378,0.12327731092436978,Low
638cba8be1fb599bbb76fd6948351eb3,26,0.15384615384615385,4.615384615384615,0.12307692307692311,Low
6a8b085f816a1f75f92dbac6eb545f8f,135,0.0888888888888889,4.12962962962963,0.12296296296296297,Low
c89cf7c468a48af70aada384e722f9e2,14,0.0714285714285714,4.0,0.12285714285714283,Low
596849622429351f47b32e6cae1055ff,14,0.0714285714285714,4.0,0.12285714285714283,Low
7c1fea10b5b006671d608b1d7c446ec4,14,0.0714285714285714,4.0,0.12285714285714283,Low
2e1c9f22be269ef4643f826c9e650a52,173,0.09248554913294793,4.158823529411765,0.12278544712682758,Low
066a6914e1ebf3ea95a216c73a986b91,74,0.06756756756756754,3.9726027397260273,0.12273232136245835,Low
1127b7f2594683f2510f1c2c834a486b,132,0.08333333333333337,4.090909090909091,0.12272727272727277,Low
a8739afb32aaa45e01815ca76f76f54b,15,0.0,3.466666666666667,0.12266666666666666,Low
ca4b77513ac2040591b0d8fae6958380,15,0.1333333333333333,4.466666666666667,0.12266666666666665,Low
c847e075301870dd144a116762eaff9a,43,0.09302325581395354,4.166666666666667,0.12248062015503877,Low
b5e3e38609125694d2ea2417522a60b7,17,0.11764705882352944,4.352941176470588,0.12235294117647064,Low
53d00c40e32aeb924a84ce72b1af869d,17,0.11764705882352944,4.352941176470588,0.12235294117647064,Low
09f952a5f58d2285b0372551ae8f9b01,56,0.0535714285714286,3.875,0.12214285714285716,Low
4917cee8d902e13428c3ec4b1ca6f315,33,0.09090909090909094,4.15625,0.12204545454545455,Low
8f78f0903005064036736c7173a5c2ed,21,0.0,3.4761904761904763,0.12190476190476192,Low
7e93a43ef30c4f03f38b393420bc753a,340,0.09705882352941175,4.206489675516224,0.12171612007634913,Low
f27e33c6d29b5138fa9967bcd445b6d5,98,0.08163265306122447,4.091836734693878,0.12163265306122445,Low
ce7d1888639e6fb06b2749cbfdac1ff7,84,0.08333333333333337,4.107142857142857,0.12142857142857147,Low
609e1a9a6c2539919b8205cf7c4e6ff0,130,0.01538461538461533,3.598360655737705,0.12136191677175279,Low
951e8cef368f09bb3f3d03c00ca4702c,71,0.08450704225352113,4.117647058823529,0.12129246064623034,Low
157c3e4b42f81ac4a44e8b1ca2fe9876,31,0.06451612903225812,3.967741935483871,0.12129032258064519,Low
8581055ce74af1daba164fdbd55a40de,435,0.09885057471264369,4.225806451612903,0.12124582869855398,Low
9646c3513289980f17226a2fc4720dbd,78,0.10256410256410253,4.256410256410256,0.121025641025641,Low
23c38debaffe4a25a30fdbd9b586a13f,46,0.10869565217391308,4.304347826086956,0.12086956521739137,Low
98dac6635aee4995d501a3972e047414,195,0.05128205128205132,3.8756476683937824,0.1207174172977282,Low
282c7480173bb9c01dd41cc739fec010,8,0.125,4.428571428571429,0.12071428571428569,Low
6fc26fe110feebd80a433e1f012a84f9,72,0.06944444444444442,4.014705882352941,0.12049019607843134,Low
07de60b03d150fb3ea09eab5da5e4c8b,9,0.11111111111111116,4.333333333333333,0.12000000000000006,Low
e8dba4d70f7f2b20e775d09cae01142d,9,0.11111111111111116,4.333333333333333,0.12000000000000006,Low
cfe94489ddd337d1e29e12f2a7205d10,24,0.08333333333333337,4.125,0.12000000000000005,Low
f5a590cf36251cf1162ea35bef76fe84,122,0.09836065573770492,4.237704918032787,0.12000000000000004,Low
6ddc28b61be28373b4503a1f61cf98a9,11,0.09090909090909094,4.181818181818182,0.12000000000000004,Low
13511db12ac61e2f89c53b72a944a60b,6,0.0,3.5,0.12000000000000002,Low
22c32ec35d0116ef02c281798a25bf8b,6,0.0,3.5,0.12000000000000002,Low
eb5b6204dde3a6e03b5f1bb8479f055b,21,0.04761904761904767,3.857142857142857,0.12000000000000002,Low
968268a686aa05d1f529fb07dff08130,12,0.0,3.5,0.12000000000000002,Low
3afc536624bc2e65bddfb5db33cc01f3,6,0.0,3.5,0.12000000000000002,Low
bdae679a9b282249bc23b9b69dae9a99,12,0.0,3.5,0.12000000000000002,Low
edc518ba25576a0188a0e8f2c3af186f,8,0.0,3.5,0.12000000000000002,Low
59cd88080b93f3c18508673122d26169,12,0.16666666666666663,4.75,0.12,Low
8629c241b3622ac12cd4118afdc8d394,13,0.07692307692307687,4.076923076923077,0.11999999999999997,Low
7c4618c82226628831613e95e9c22f44,13,0.07692307692307687,4.076923076923077,0.11999999999999997,Low
7ea5bfa6c340f58f8e71fc1f0412b0d6,104,0.07692307692307687,4.077669902912621,0.11994025392083643,Low
624f4ece8da4aafb77699233d480f8ef,55,0.09090909090909094,4.185185185185185,0.11973063973063976,Low
ca3bd7cd9f149df75950150d010fe4a2,138,0.02898550724637683,3.7246376811594204,0.11942028985507246,Low
48162d548f5b1b11b9d29d1e01f75a61,91,0.03296703296703296,3.758241758241758,0.11912087912087913,Low
00fc707aaaad2d31347cf883cd2dfe10,135,0.03703703703703709,3.791044776119403,0.11893864013267004,Low
4830e40640734fc1c52cd21127c341d4,219,0.07762557077625576,4.0963302752293576,0.11886892044740487,Low
ce248b21cb2adc36282ede306b7660e5,66,0.09090909090909094,4.196969696969697,0.11878787878787878,Low
4ebdc7e6cd6102a022dadc49156d4ea8,32,0.03125,3.75,0.11875000000000001,Low
c8b0e2b0a7095e5d8219575d5e7e1181,85,0.07058823529411762,4.0476190476190474,0.11854341736694676,Low
1f9ab4708f3056ede07124aad39a2554,79,0.07594936708860756,4.089743589743589,0.11839013307367735,Low
96804ea39d96eb908e7c3afdb671bb9e,40,0.050000000000000044,3.9,0.11800000000000002,Low
54c04bdb5ec46762f8f08c7e8f86ed4a,19,0.10526315789473684,4.315789473684211,0.11789473684210525,Low
e24fc9fcd865784fb25705606fe3dfe7,56,0.0892857142857143,4.196428571428571,0.11785714285714291,Low
79ebd9a61bac3eaf882805ed4ecfa12a,143,0.06293706293706292,4.0,0.11776223776223774,Low
a17f621c590ea0fab3d5d883e1630ec6,80,0.07499999999999996,4.092105263157895,0.11763157894736839,Low
46dc3b2cc0980fb8ec44634e21d2718e,542,0.08671586715867163,4.181308411214953,0.1175248473980067,Low
e06f09ec0a4aca210779cf1cfc63cf19,31,0.06451612903225812,4.016129032258065,0.11741935483870967,Low
1f1bb1f0859883505541bdd6606193e5,29,0.10344827586206895,4.310344827586207,0.11724137931034478,Low
3c4e0452bff7a2a788179488d3d77032,36,0.02777777777777779,3.742857142857143,0.11723809523809527,Low
e59aa562b9f8076dd550fcddf0e73491,84,0.09523809523809523,4.25,0.11714285714285715,Low
b8555308bfdb4ca1ed54325a58da9a97,28,0.0714285714285714,4.071428571428571,0.11714285714285713,Low
4de6e4ba574aa9dfdc824bc44dc47fdd,14,0.0714285714285714,4.071428571428571,0.11714285714285713,Low
5dceca129747e92ff8ef7a997dc4f8ca,346,0.06069364161849711,3.991228070175439,0.11711793935706316,Low
093805f8f2aeb63881444571e1f48f30,27,0.03703703703703709,3.814814814814815,0.11703703703703708,Low
ed4acab38528488b65a9a9c603ff024a,40,0.025000000000000022,3.725,0.11700000000000002,Low
81f89e42267213cb94da7ddc301651da,52,0.0,3.5384615384615383,0.11692307692307696,Low
723cd880edaacdb998898b67c8f9da30,12,0.08333333333333337,4.166666666666667,0.11666666666666667,Low
5d9dc90a686a8fddacffab6bab5653a3,12,0.08333333333333337,4.166666666666667,0.11666666666666667,Low
cd3d09fbe6e3e9ff0c0ac0c300e93ae7,12,0.08333333333333337,4.166666666666667,0.11666666666666667,Low
d4e4b5192cba4e0e66eb12a9d347239d,12,0.08333333333333337,4.166666666666667,0.11666666666666667,Low
0ffa40d54288e4f3499b8780dd0f144f,35,0.11428571428571432,4.4,0.11657142857142855,Low
1782ce2db72c3dda627d5e7c898104e1,10,0.09999999999999998,4.3,0.11599999999999999,Low
aae3bfea055532c57fb453ed3ec80b30,50,0.0,3.5510204081632653,0.11591836734693879,Low
53e4c6e0f4312d4d2107a8c9cddf45cd,522,0.06513409961685823,4.040384615384616,0.11584969053934568,Low
14d7985702e72162bbf13b6beb74ab2b,38,0.10526315789473684,4.342105263157895,0.1157894736842105,Low
c0563dd588b775f2e37747ef6ad6c92c,28,0.1071428571428571,4.357142857142857,0.11571428571428571,Low
41b39e28db005d9731d9d485a83b4c38,231,0.07792207792207795,4.138528138528138,0.11567099567099573,Low
3492e68f37fd1df87f4f2f2ea247f445,9,0.0,3.5555555555555554,0.11555555555555559,Low
4be6b962d83299498bae2190f95d6566,12,0.08333333333333337,4.181818181818182,0.1154545454545455,Low
77a515caa36327151d1cc6c32a9f00e1,26,0.11538461538461542,4.423076923076923,0.11538461538461538,Low
42b729f859728f5079499127a9c2ef37,132,0.10606060606060608,4.3538461538461535,0.11532867132867135,Low
94b9108d4b637ba65bb4f1e53cfcf8d8,8,0.125,4.5,0.11499999999999999,Low
96493fab2fbb13a14d0c0e8772eef5c3,64,0.0625,4.031746031746032,0.11496031746031746,Low
fd386aa7bed2af3c7035c65506c9b4a3,76,0.10526315789473684,4.355263157894737,0.11473684210526314,Low
d354c38a7182125a748cb10474fe963b,20,0.09999999999999998,4.315789473684211,0.11473684210526314,Low
7e3f87d16fb353f408d467e74fbd8014,94,0.07446808510638303,4.127659574468085,0.11446808510638301,Low
da8622b14eb17ae2831f4ac5b9dab84a,1551,0.06576402321083175,4.063754045307443,0.11435809030190358,Low
a414555ce331b8c8aea4a9cb8395194d,8,0.0,3.5714285714285716,0.11428571428571428,Low
d1ef48b38baca7e831711c4a0aeb398f,35,0.11428571428571432,4.428571428571429,0.11428571428571427,Low
729f06993dac8e860d4f02d7088ca48a,115,0.09565217391304348,4.2894736842105265,0.11423340961098398,Low
fa1c13f2614d7b5c4749cbc52fecda94,586,0.10238907849829348,4.34020618556701,0.1142169522536153,Low
ffc470761de7d0232558ba5e786e57b7,31,0.09677419354838712,4.3,0.11406451612903228,Low
4978a02ea9c8be7a9b5480680f40334e,19,0.0,3.5789473684210527,0.11368421052631579,Low
df56d7b40d437f88407c5f78b63bc328,25,0.040000000000000036,3.88,0.11360000000000002,Low
a938325a4b357fd23a6a4d5bb126408e,25,0.040000000000000036,3.88,0.11360000000000002,Low
2528513dd95219a6013d4d05176e391a,167,0.04790419161676651,3.9451219512195124,0.11313275887249892,Low
e9779976487b77c6d4ac45f75ec7afe9,750,0.07733333333333337,4.166219839142091,0.11310241286863276,Low
508808d438fe2ff972ed13bb8f4a82e2,11,0.09090909090909094,4.2727272727272725,0.11272727272727276,Low
8e2b3afb420011ef0c88c9d5f11ea526,11,0.09090909090909094,4.2727272727272725,0.11272727272727276,Low
c5f7feb04a6a1fb3596322bfc3cf1917,11,0.09090909090909094,4.2727272727272725,0.11272727272727276,Low
062ce95fa2ad4dfaedfc79260130565f,60,0.050000000000000044,3.966666666666667,0.11266666666666669,Low
6e1862e15f33d9994bc25922a85e1efc,14,0.1428571428571429,4.666666666666667,0.1123809523809524,Low
b56906f7fd1696e043f1bcce164c487b,42,0.04761904761904767,3.9523809523809526,0.11238095238095239,Low
cb3dd9ce66268c7a3ca7241ac70ab58c,52,0.07692307692307687,4.173076923076923,0.11230769230769228,Low
b32be1695eb7ec5f10f72d9610a12527,46,0.06521739130434778,4.088888888888889,0.11201932367149758,Low
11eac105f3f90a9b87b19c89d91e24f3,5,0.0,3.6,0.11200000000000002,Low
c0f783394e37cd9c9d7f5f81141450fa,6,0.0,3.6,0.11200000000000002,Low
52454f90d4c30c016768db02f88c1a74,5,0.0,3.6,0.11200000000000002,Low
1bc2e21de46adfea6b98cc96b00f3b40,5,0.0,3.6,0.11200000000000002,Low
fc59392d66ef99377e50356ee4f3b4e1,5,0.0,3.6,0.11200000000000002,Low
9b013e03b2ab786505a1d3b5c0756754,225,0.053333333333333344,4.0,0.11199999999999999,Low
3d871de0142ce09b7081e2b9d1733cb1,1147,0.06800348735832606,4.113656387665198,0.11170958140177978,Low
bd23da7354813347129d751591d1a6e2,90,0.05555555555555558,4.022471910112359,0.11153558052434462,Low
6d988d6174a2c27441597174f8905515,23,0.08695652173913049,4.260869565217392,0.11130434782608696,Low
9e6229250fedbe05838fef417b74e7fb,78,0.038461538461538436,3.8974358974358974,0.11128205128205128,Low
a1bea7061f61f6fdd9a85a6325ba1033,9,0.11111111111111116,4.444444444444445,0.11111111111111112,Low
c8417879a15366a17c30af34c798c332,36,0.05555555555555558,4.0285714285714285,0.11104761904761906,Low
52d76513f0c4d97f3b99570e2c94ee31,28,0.0357142857142857,3.88,0.11102857142857142,Low
ebd2d60905fb58271facef5596b620d3,88,0.06818181818181823,4.125,0.11090909090909096,Low
004c9cd9d87a3c30c522c48c4fc07416,170,0.07058823529411762,4.1437125748503,0.11085593518844661,Low
13f57c12a00ed4610db646b913a7f5c6,13,0.15384615384615385,4.769230769230769,0.1107692307692308,Low
8090490573c6c0aa343a7231ebcb8c86,26,0.07692307692307687,4.1923076923076925,0.11076923076923073,Low
ceaec5548eefc6e23e6607c5435102e7,211,0.07109004739336489,4.14975845410628,0.11067335210751655,Low
3078096983cf766a32a06257648502d1,64,0.078125,4.203125,0.11062500000000001,Low
1a3df491d1c4f1589fc2b934ada68bf2,178,0.0730337078651685,4.165730337078652,0.11056179775280894,Low
c9c7905cffc4ef9ff9f113554423e671,139,0.07194244604316546,4.158273381294964,0.11050359712230215,Low
6860153b69cc696d5dcfe1cdaaafcf62,84,0.0714285714285714,4.156626506024097,0.11032702237521513,Low
bba74270a87732727b5a3b4fd9ac1c39,41,0.024390243902439046,3.8048780487804876,0.1102439024390244,Low
994f04b3718c2bab35c2adfa8afecd2a,57,0.08771929824561409,4.280701754385965,0.11017543859649126,Low
0c8380b62e38e8a1e6adbeba7eb9688c,220,0.054545454545454564,4.032110091743119,0.11015846538782323,Low
68f86ba270525243e68ae74044f992b9,12,0.08333333333333337,4.25,0.11000000000000004,Low
c3acdfac4e3e97ff87529454fbc03642,12,0.08333333333333337,4.25,0.11000000000000004,Low
1cbd32d00d01bb8087a5eb088612fd9c,12,0.08333333333333337,4.25,0.11000000000000004,Low
acadd4d36859671cb635527c6c977533,12,0.08333333333333337,4.25,0.11000000000000004,Low
085f6f7e049c996695fb2074fe38d45e,8,0.0,3.625,0.11000000000000001,Low
daf565f087a52def0fd5c5825b3661bc,9,0.0,3.625,0.11000000000000001,Low
dc7192adf8ba09569261f4a8d576afe0,8,0.0,3.625,0.11000000000000001,Low
59fb871bf6f4522a87ba567b42dafecf,128,0.078125,4.21259842519685,0.109867125984252,Low
1430239a858e7682bbc43b20758af153,23,0.04347826086956519,3.9565217391304346,0.10956521739130434,Low
820cc752a266cdc6c1a1e61dd4583330,15,0.06666666666666665,4.133333333333334,0.10933333333333328,Low
6c177e38df6d3f34182b1f1d427231bf,56,0.0535714285714286,4.035714285714286,0.10928571428571429,Low
5b664594895aefb418afaee6d40a9a23,22,0.0,3.6363636363636362,0.10909090909090909,Low
e883aa812c37a7413226856f4579fe91,29,0.03448275862068961,3.896551724137931,0.10896551724137929,Low
e067ad2c1c0b48758eb1b5228bcf7a68,61,0.06557377049180324,4.131147540983607,0.1088524590163934,Low
e8a85b5f3df47be0984c55fd4064dbb4,14,0.1428571428571429,4.714285714285714,0.10857142857142861,Low
c8660dcf9ba70575f45d80fe28c27713,7,0.1428571428571429,4.714285714285714,0.10857142857142861,Low
9d5604a1f112324ad6b2aa552122e0fb,17,0.0,3.6470588235294117,0.10823529411764708,Low
870d0118f7a9d85960f29ad89d5d989a,61,0.049180327868852514,4.016393442622951,0.10819672131147545,Low
b2ac621f0d0322434d04a12b078b9369,30,0.09999999999999998,4.4,0.10799999999999994,Low
01cf7e3d21494c41fb86034f2e714fa1,67,0.07462686567164178,4.212121212121212,0.10780642243328811,Low
95e03ca3d4146e4011985981aeb959b9,193,0.04663212435233166,4.00261780104712,0.10776985052762938,Low
382229d1e840115ffe3dbf5ff460e417,49,0.08163265306122447,4.26530612244898,0.10775510204081631,Low
a1043bafd471dff536d0c462352beb48,770,0.0714285714285714,4.189048239895698,0.10773328366548704,Low
1b4c3a6f53068f0b6944d2d005c9fc89,117,0.05982905982905984,4.103448275862069,0.10762157382847035,Low
c013e57c075a06e5b5c48ee03c525719,45,0.06666666666666665,4.155555555555556,0.10755555555555554,Low
58f1a6197ed863543e0136bdedb3fce2,45,0.06666666666666665,4.155555555555556,0.10755555555555554,Low
2a84855fd20af891be03bc5924d2b453,168,0.07738095238095233,4.2379518072289155,0.10739242685025814,Low
d91fb3b7d041e83b64a00a3edfb37e4f,536,0.057835820895522416,4.092731829573935,0.10728294617139861,Low
05d2173d43ea568aa0540eba70d2ca76,66,0.045454545454545414,4.0,0.10727272727272724,Low
de23c3b98a88888289c6f5cc1209054a,181,0.08287292817679559,4.281767955801105,0.10718232044198894,Low
8d79c8a04e42d722a75097ce5cbcf2ef,28,0.1071428571428571,4.464285714285714,0.1071428571428571,Low
0bfd0b434243adc5c2e1aa6baf19c6aa,6,0.0,3.6666666666666665,0.10666666666666669,Low
6da1992f915d77be95d7fa48b36904af,9,0.0,3.6666666666666665,0.10666666666666669,Low
52f976b17ea7f2f087f56dcc419328f6,6,0.0,3.6666666666666665,0.10666666666666669,Low
ff4ea69c2a729e83e63c7579e4ef8170,9,0.11111111111111116,4.5,0.10666666666666669,Low
1c68394e931a64f90ea236c5ea590300,171,0.03508771929824561,3.9298245614035086,0.10666666666666667,Low
e7df4cd29ab5abab70fb0783ddb53987,24,0.08333333333333337,4.291666666666667,0.10666666666666666,Low
70c27847eca8195c983ed7e798c56743,98,0.0714285714285714,4.204081632653061,0.10653061224489796,Low
232a6014e7b10cba61c6c2b2ea6bb4b0,36,0.05555555555555558,4.085714285714285,0.10647619047619053,Low
ad420dd0c4f92f8af951ac24b86d0cf5,46,0.06521739130434778,4.159090909090909,0.10640316205533595,Low
f62d7bb4a613ec758a03342d46b580b2,32,0.09375,4.375,0.10625,Low
d379f449f2a3b271bc01c0782020f705,29,0.03448275862068961,3.9310344827586206,0.1062068965517241,Low
53243585a1d6dc2643021fd1853d8905,410,0.0536585365853659,4.075980392156863,0.10611669057867053,Low
8f119a0aee85c0c8fc534629734e94fd,83,0.07228915662650603,4.216867469879518,0.10602409638554215,Low
2a7dc43cecabf23403078e2188437d1d,54,0.05555555555555558,4.092592592592593,0.10592592592592592,Low
5b33b527da3c5b969cc99dc435cad09a,17,0.05882352941176472,4.117647058823529,0.10588235294117648,Low
dfc5fb7259bb2b599ca565e6e9448f0f,34,0.05882352941176472,4.117647058823529,0.10588235294117648,Low
b9ca8e8baa5d4aa038394a700f63e69f,14,0.0714285714285714,4.214285714285714,0.1057142857142857,Low
d6b1ce66b035a475f00c017792ff9769,108,0.06481481481481477,4.165048543689321,0.10568500539374319,Low
f125f3a310c2e5f822d116147de1e474,22,0.09090909090909094,4.363636363636363,0.1054545454545455,Low
4677a5437afda5fa7140b927b07be1cc,11,0.09090909090909094,4.363636363636363,0.1054545454545455,Low
4ba52dfeba874da5b9ee7b17c7494f04,11,0.09090909090909094,4.363636363636363,0.1054545454545455,Low
3c487ae8f8d7542beff5788e2e0aea83,33,0.030303030303030276,3.909090909090909,0.10545454545454543,Low
7b0df942f46435babab05d49b744b2c4,32,0.09375,4.387096774193548,0.10528225806451616,Low
058fd0aa2bfdb2274e05e1ae971dabb6,64,0.09375,4.390625,0.10499999999999998,Low
8cbac7e12637ed9cffa18c7875207478,82,0.060975609756097615,4.146341463414634,0.10487804878048781,Low
9674754b5a0cb32b638cec001178f799,97,0.04123711340206182,4.0,0.10474226804123708,Low
1da3aeb70d7989d1e6d9b0e887f97c23,328,0.05182926829268297,4.079754601226994,0.1047171928774503,Low
b3b17aab11f273023a5f22ca52e1eb70,13,0.15384615384615385,4.846153846153846,0.10461538461538467,Low
7a425d299613df3e613bcf9d2eaf5c49,18,0.05555555555555558,4.111111111111111,0.10444444444444448,Low
6eb94e1466490d327a09abf8f3552a50,10,0.09999999999999998,4.444444444444445,0.10444444444444441,Low
ccc4bbb5f32a6ab2b7066a4130f114e3,192,0.078125,4.282722513089006,0.10425719895287955,Low
bd0389da23d89b726abf911cccc54596,90,0.06666666666666665,4.2,0.10399999999999995,Low
c84592044b180dec206770c38603814b,15,0.06666666666666665,4.2,0.10399999999999995,Low
5d3bb11474a06bdc23fb9e89f1164ee0,32,0.03125,3.9375,0.10375000000000002,Low
9add47bf45ce8e8c7db6b9cf670b1e09,45,0.06666666666666665,4.204545454545454,0.10363636363636367,Low
7ecd59e5e20407131822c1a68ac59c1f,29,0.10344827586206895,4.482758620689655,0.10344827586206899,Low
75fbb52eda0cbc24f479d3b2fbfa8d3e,43,0.09302325581395354,4.404761904761905,0.10343300110741971,Low
0691148aee60ca47977c187804f935ae,53,0.037735849056603765,3.990566037735849,0.10339622641509437,Low
b8630e1121437d41cb08e3c749c2c2e2,12,0.08333333333333337,4.333333333333333,0.10333333333333339,Low
7357b52d27cbaa90f81a96cbc1279396,12,0.08333333333333337,4.333333333333333,0.10333333333333339,Low
08d0949a9a17c027262db1f3c450c26c,12,0.0,3.7083333333333335,0.10333333333333333,Low
2bf6a2c1e71bbd29a4ad64e6d3c3629f,31,0.06451612903225812,4.193548387096774,0.10322580645161297,Low
67883baaae6134ee81b271a542613728,19,0.052631578947368474,4.105263157894737,0.10315789473684209,Low
e5475dcab1e07b63d7f6e902d8f5eda8,19,0.052631578947368474,4.105263157894737,0.10315789473684209,Low
afe0067131b73e40875c9b6c10bd2e21,46,0.06521739130434778,4.2,0.10313043478260864,Low
bfd27a966d91cfaafdb25d076585f0da,118,0.07627118644067798,4.2844827586206895,0.10300409117475162,Low
9261d76c62caaf0b24677c2ceb7f8f20,7,0.0,3.7142857142857144,0.10285714285714286,Low
ba6ce6de456f6c11d08c17701ba5c26f,7,0.0,3.7142857142857144,0.10285714285714286,Low
808d4348b916efa08e766ebad39f61eb,21,0.09523809523809523,4.428571428571429,0.10285714285714281,Low
54a1852d1b8f10312c55e906355666ee,204,0.08333333333333337,4.3399014778325125,0.10280788177339903,Low
0b90b6df587eb83608a64ea8b390cf07,210,0.03809523809523807,4.002392344497608,0.10266575529733422,Low
01bcc9d254a0143f0ce9791b960b2a47,11,0.09090909090909094,4.4,0.10254545454545452,Low
2be17df1c49978426251562096c3cc09,16,0.0625,4.1875,0.10249999999999998,Low
b1ac6ea7895bc3dd6f0f6f4abbdd2821,41,0.07317073170731703,4.2682926829268295,0.10243902439024384,Low
9539213aa8e023c01937bef95dc006da,9,0.11111111111111116,4.555555555555555,0.10222222222222226,Low
f35b3c613c4f7b2275f4185d0a3c59ec,9,0.11111111111111116,4.555555555555555,0.10222222222222226,Low
fe2032dab1a61af8794248c8196565c9,306,0.08823529411764708,4.3841059602649,0.10221269964939624,Low
05ff92fedb5be47920fea08e501238b9,62,0.06451612903225812,4.209677419354839,0.10193548387096774,Low
94e93ce877be27a515118dbfd2c2be41,35,0.02857142857142858,3.9411764705882355,0.10184873949579829,Low
8ff1a9df749e454105c55cda13e79143,14,0.0,3.727272727272727,0.10181818181818186,Low
acb6c2ca5c82411c1fdb88d5fd5eb95e,11,0.0,3.727272727272727,0.10181818181818186,Low
8d956fec2e4337affcb520f56fd8cbfd,228,0.06140350877192979,4.18859649122807,0.10175438596491224,Low
ce616e1913288884e7742faac9d981db,24,0.125,4.666666666666667,0.10166666666666666,Low
17f51e7198701186712e53a39c564617,61,0.08196721311475408,4.344262295081967,0.10163934426229504,Low
1caf283236cd69af44cbc09a0a1e7d32,37,0.10810810810810811,4.54054054054054,0.10162162162162165,Low
97512d3fc193b2d1dfcdba0f9d1f0f8a,13,0.07692307692307687,4.3076923076923075,0.10153846153846154,Low
e63e8bfa530fb16910dd6956e592bb81,43,0.06976744186046513,4.255813953488372,0.10139534883720935,Low
dc317f341ab0e22f39acbd9dbf9b4a1f,58,0.051724137931034475,4.120689655172414,0.10137931034482758,Low
31da954dc0855f2495c6310f70a2f931,30,0.06666666666666665,4.233333333333333,0.10133333333333332,Low
817245bcc3badd82bbd222e0366951a6,45,0.0444444444444444,4.073170731707317,0.10081300813008126,Low
1554a68530182680ad5c8b042c3ab563,269,0.06691449814126393,4.2434456928838955,0.10067304345404673,Low
93b9a99027bd8bd6af682aff18dd19bf,21,0.04761904761904767,4.1,0.10057142857142862,Low
f8db351d8c4c4c22c6835c19a46f01b0,724,0.06353591160220995,4.220833333333333,0.10045488029465932,Low
06e5eefc71ec47ae763c5c6f8db7064f,95,0.021052631578947323,3.903225806451613,0.10037351443123937,Low
7a67c85e85bb2ce8582c35f2203ad736,1171,0.06490179333902646,4.234509466437177,0.10018031868844174,Low
527801b552d0077ffd170872eb49683b,92,0.09782608695652173,4.483516483516484,0.10001433349259434,Low
0ac4201fda2c68ebc0e47cb9423cf3c9,14,0.0714285714285714,4.285714285714286,0.1,Low
edd066cd02126d7800f9b66e980e9931,6,0.16666666666666663,5.0,0.09999999999999998,Low
56e361f411e38dcef17cdc2a3d99628b,10,0.09999999999999998,4.5,0.09999999999999998,Low
17a053fcb14bd219540cbde0df490be0,149,0.06040268456375841,4.204081632653061,0.09991508012601016,Low
e26901d5ab434ce92fd9b5c256820a4e,221,0.040723981900452455,4.0588235294117645,0.0997285067873303,Low
ef0ace09169ac090589d85746e3e036f,140,0.07857142857142863,4.3428571428571425,0.09971428571428576,Low
7178f9f4dd81dcef02f62acdf8151e01,216,0.03703703703703709,4.032558139534884,0.09961757105943153,Low
70eea00b476a314817cefde4aad4f89a,114,0.07894736842105265,4.348214285714286,0.09951127819548873,Low
78c99c6dff4eeae5be99bf635ed21e3f,39,0.07692307692307687,4.333333333333333,0.0994871794871795,Low
5a8e7d5003a1f221f9e1d6e411de7c23,181,0.05524861878453036,4.1722222222222225,0.09937139349294039,Low
411f3b52d857390502ee4e4d5ceabc2d,30,0.06666666666666665,4.2592592592592595,0.09925925925925924,Low
fbc14c0cf93505ef89f64665ffa4a7b5,18,0.05555555555555558,4.176470588235294,0.0992156862745098,Low
c8b3445d737de6befde0c88ede534a5e,36,0.02777777777777779,3.9722222222222223,0.09888888888888887,Low
db4350fd57ae30082dec7acbaacc17f9,146,0.047945205479452024,4.124137931034483,0.0988360888049126,Low
768a86e36ad6aae3d03ee3c6433d61df,17,0.11764705882352944,4.647058823529412,0.09882352941176471,Low
d66c305afaec317ebee552073a674429,47,0.08510638297872342,4.404255319148936,0.09872340425531918,Low
76ea5315acb3f5f7ade3cd261faf922a,15,0.06666666666666665,4.266666666666667,0.09866666666666668,Low
2e0dba2da448400b1c11d7b4b22f32a4,13,0.0,3.769230769230769,0.09846153846153848,Low
6b243f80ed07b10f0e8aa0f21a205f3c,89,0.0337078651685393,4.022471910112359,0.09842696629213485,Low
fdb9095204a334cd8872252ffec6f2db,61,0.049180327868852514,4.139344262295082,0.09836065573770494,Low
e603cf3fec55f8697c9059638d6c8eb5,11,0.09090909090909094,4.454545454545454,0.09818181818181822,Low
4d6d651bd7684af3fffabd5f08d12e5a,395,0.05316455696202527,4.1725888324873095,0.0980916275782304,Low
0c7533c71df861ec58ad7ff999ed0e8d,73,0.04109589041095896,4.082191780821918,0.09808219178082192,Low
542917da124346b47ea1ac79a93ce454,20,0.050000000000000044,4.15,0.098,Low
128639473a139ac0f3e5f5ade55873a5,560,0.0535714285714286,4.176895306859206,0.09799123259412071,Low
6c99c983ce3b6ba0ab813e6790e81691,9,0.0,3.7777777777777777,0.0977777777777778,Low
1d4587203296c8f4ad134dc286fa6db0,43,0.06976744186046513,4.3023255813953485,0.09767441860465118,Low
7d456afc660226829370f3173d14520c,91,0.06593406593406592,4.274725274725275,0.09758241758241759,Low
1987cd4be10fe09ee50454f9c354d1c6,16,0.0625,4.25,0.0975,Low
5b67882648febfb6e1225e6ad7164f6b,30,0.033333333333333326,4.033333333333333,0.09733333333333334,Low
5b51032eddd242adc84c38acab88f23d,14,0.0,3.7857142857142856,0.09714285714285716,Low
aaed1309374718fdd995ee4c58c9dfcd,112,0.0357142857142857,4.053571428571429,0.09714285714285714,Low
1b938a7ec6ac5061a66a3766e0e75f90,33,0.06060606060606055,4.242424242424242,0.09696969696969697,Low
86ccac0b835037332a596a33b6949ee1,210,0.02857142857142858,4.002392344497608,0.09695146958304854,Low
3d8fa2f5b647373c8620330c4e077a9f,48,0.04166666666666663,4.1022727272727275,0.09681818181818176,Low
1838dd9b8977065acf51d95e0053ea7a,67,0.05970149253731338,4.2388059701492535,0.09671641791044774,Low
0887a9f087bcd5d9f6642b52f897fc6c,12,0.08333333333333337,4.416666666666667,0.09666666666666665,Low
7c5b05cbdb5542049f38d90d7815b97d,24,0.08333333333333337,4.416666666666667,0.09666666666666665,Low
1d503743d2526f03f0c2c89540ee008c,17,0.05882352941176472,4.235294117647059,0.09647058823529414,Low
e24d3429d294b2eb200b064ebb035879,22,0.045454545454545414,4.136363636363637,0.09636363636363629,Low
7008613ea464bad5cb9b83456e1e6a8f,156,0.0641025641025641,4.27741935483871,0.0962679900744417,Low
e38db885400cd35c71dfd162f2c1dbcf,32,0.09375,4.5,0.09624999999999999,Low
b4ffb71f0cb1b1c3d63fad021ecf93e1,165,0.030303030303030276,4.024242424242424,0.0962424242424242,Low
4e7c18b98d84e05cbae3ff0ff03846c2,89,0.0449438202247191,4.136363636363637,0.0960572012257405,Low
272f092de69afedd4d2969440b37f18f,40,0.025000000000000022,3.986842105263158,0.09605263157894738,Low
1354d51653f645349064725ed204e85e,20,0.0,3.8,0.096,Low
1e8c6a4c538f286aee9573239740a4b4,5,0.0,3.8,0.096,Low
189ca3538ce9f920cacf0f982cbe223b,5,0.0,3.8,0.096,Low
49cdc90518a4f82676b38b3c1aa43ff6,5,0.0,3.8,0.096,Low
72c38a04bd6a1c3dbc5298425a0db86d,5,0.0,3.8,0.096,Low
c0aff2da32c17759d30b22fb0af6649d,5,0.0,3.8,0.096,Low
cd843d4cf8ef32827de0396605163ba3,5,0.0,3.8,0.096,Low
2199e7fe213c16213bf5d6a7eadc9a5d,31,0.06451612903225812,4.290322580645161,0.09548387096774198,Low
6b333a05bf188ef3e1f1662a86bd9855,13,0.07692307692307687,4.384615384615385,0.09538461538461532,Low
128f9bfbe4c7d5185033914b1de3d39a,16,0.125,4.75,0.09500000000000001,Low
669ae81880e08f269a64487cfb287169,186,0.043010752688172005,4.135135135135135,0.09499564080209238,Low
f7720c4fa8e3aba4546301ab80ea1f1b,78,0.05128205128205132,4.198717948717949,0.0948717948717949,Low
14a08204d03bb6b6bde8029f801ae0eb,38,0.0,3.8157894736842106,0.09473684210526315,Low
abcd2cb37d46c2c8fb1bf071c859fc5b,52,0.05769230769230771,4.25,0.09461538461538463,Low
537eb890efff034a88679788b647c564,173,0.046242774566473965,4.164739884393064,0.09456647398843927,Low
cb6c9f5888a7a090c75beaf615925792,11,0.0,3.8181818181818183,0.09454545454545454,Low
ad273c9eb54ecb4532de4bf75bae9e4e,11,0.0,3.8181818181818183,0.09454545454545454,Low
5ef131ac72773e5b3f6c0d63cf424657,11,0.0,3.8181818181818183,0.09454545454545454,Low
b839e41795b7f3ad94cc2014a52f6796,36,0.02777777777777779,4.027777777777778,0.09444444444444446,Low
df91910b6a03bb2e3358fa6a35e32f6f,14,0.0714285714285714,4.357142857142857,0.0942857142857143,Low
b6e1504972665f739dec4facb9943775,14,0.0714285714285714,4.357142857142857,0.0942857142857143,Low
42bde9fef835393bb8a8849cb6b7f245,40,0.050000000000000044,4.2,0.094,Low
31344c16881c08a8a72c6d2eb29918c1,43,0.06976744186046513,4.348837209302325,0.09395348837209305,Low
6d803cb79cc31c41c4c789a75933b3c7,66,0.06060606060606055,4.28030303030303,0.0939393939393939,Low
827f8f69dfa529c561901c4f2e0f332f,104,0.05769230769230771,4.259803921568627,0.09383107088989445,Low
1c129092bf23f28a5930387c980c0dfc,220,0.045454545454545414,4.168949771689498,0.09375674553756747,Low
d94a40fd42351c259927028d163af842,110,0.036363636363636376,4.102803738317757,0.09359388275276127,Low
91f5779a8731baca4809fdeade81803f,6,0.0,3.8333333333333335,0.09333333333333332,Low
3364a91ec4d56c98e44174de954b94f6,6,0.0,3.8333333333333335,0.09333333333333332,Low
014d9a685fd57276679edd00e07089e5,12,0.0,3.8333333333333335,0.09333333333333332,Low
e1dc0754bada9ee4cfe9713f22f61292,12,0.0,3.8333333333333335,0.09333333333333332,Low
5795aebfe331fbcd02a2c4b679fb7952,6,0.0,3.8333333333333335,0.09333333333333332,Low
845e8036c3f7bf62099352f5ed910240,24,0.0,3.8333333333333335,0.09333333333333332,Low
120476eb7a04c149d14772edaf5d9bf2,6,0.0,3.8333333333333335,0.09333333333333332,Low
a806a4bb063ea7ca6d374eafa50a6058,6,0.0,3.8333333333333335,0.09333333333333332,Low
1b8356dabde1d35e17cef975c3f82730,61,0.032786885245901676,4.081967213114754,0.0931147540983607,Low
b76dba6c951ab00dc4edf0a1aa88037e,169,0.041420118343195256,4.149700598802395,0.09287602310172552,Low
bd697db56ff8e7c9cd1abeb7f72029b2,22,0.045454545454545414,4.181818181818182,0.09272727272727271,Low
dbc22125167c298ef99da25668e1011f,429,0.05128205128205132,4.2266355140186915,0.09263838964773546,Low
b92e3c8f9738272ff7c59e111e108d7c,70,0.02857142857142858,4.057142857142857,0.09257142857142861,Low
165b1235e9e9942cb5fae67103576fb0,16,0.0625,4.3125,0.09249999999999999,Low
52f9db5cfb423382a2fa5c9e39303202,23,0.04347826086956519,4.173913043478261,0.09217391304347827,Low
4e06067cc08b3f41d837768d392c3ee3,46,0.04347826086956519,4.173913043478261,0.09217391304347827,Low
00ee68308b45bc5e2660cd833c3f81cc,172,0.06395348837209303,4.3274853801169595,0.09217326261389908,Low
65febd49fd28ec955651299159b1f527,40,0.050000000000000044,4.225,0.09200000000000004,Low
08633c14ef2db992c11f840f04fad4cd,97,0.05154639175257736,4.237113402061856,0.09195876288659796,Low
bba3293d6f5d5af2f415e004e8b93ae3,17,0.05882352941176472,4.294117647058823,0.09176470588235297,Low
138dbe45fc62f1e244378131a6801526,58,0.017241379310344862,3.9827586206896552,0.0917241379310345,Low
0bb738e4d789e63e2267697c42d35a2d,31,0.09677419354838712,4.580645161290323,0.09161290322580642,Low
822166ed1e47908f7cfb49946d03c726,108,0.0092592592592593,3.9245283018867925,0.09159329140461217,Low
febab0275244b9a49a623f0bd613ca2f,129,0.054263565891472854,4.263565891472868,0.09147286821705428,Low
91f848e9f4be368f4318775aac733370,73,0.0547945205479452,4.267605633802817,0.09146826162454177,Low
81a1104df0f08b59c68aa5b03cfe398e,73,0.0547945205479452,4.267605633802817,0.09146826162454177,Low
6e386f64c84e482f0b9abf960797ee1b,30,0.09999999999999998,4.607142857142857,0.09142857142857144,Low
9a03a4e9eb0b947652fae4f6121a3f5e,7,0.0,3.857142857142857,0.09142857142857141,Low
54aa8463e87776b5612f4bdc4bd5d4de,7,0.0,3.857142857142857,0.09142857142857141,Low
ae7ab174effdead6c241e547e4ca13f0,7,0.0,3.857142857142857,0.09142857142857141,Low
a5dd1946fb63ada8bcaa0c9cd8f11e22,7,0.0,3.857142857142857,0.09142857142857141,Low
b586cd24c010a13916af621b0325fbba,7,0.0,3.857142857142857,0.09142857142857141,Low
9aa388272ee334b6ae07bc73706e254a,7,0.0,3.857142857142857,0.09142857142857141,Low
f00e21b1e91a79653163b7fd8f293ff1,31,0.032258064516129004,4.1,0.09135483870967742,Low
f5f2ab9bdb6b30c14c61be68c5ed37da,18,0.05555555555555558,4.277777777777778,0.09111111111111114,Low
240b9776d844d37535668549a396af32,36,0.05555555555555558,4.277777777777778,0.09111111111111114,Low
4324dd16853115efb0fd9d0d131ba6f4,18,0.05555555555555558,4.277777777777778,0.09111111111111114,Low
d12c926d74ceff0a90a21184466ce161,99,0.030303030303030276,4.090909090909091,0.09090909090909091,Low
1c40343cc5d18c2d8248ac2f3366de34,22,0.09090909090909094,4.545454545454546,0.0909090909090909,Low
f4db9b37944bcb8873e6b456ee190bbf,22,0.09090909090909094,4.545454545454546,0.0909090909090909,Low
17908cf9b444ee34047cadd5c0f4a516,11,0.09090909090909094,4.545454545454546,0.0909090909090909,Low
85d9eb9ddc5d00ca9336a2219c97bb13,522,0.04022988505747127,4.167630057803469,0.09072752641020528,Low
888faa8bfb0b159c37de6d898b961c31,23,0.0,3.869565217391304,0.09043478260869567,Low
4371b634e0efc0e22b09b52907d9d469,112,0.0714285714285714,4.405405405405405,0.09042471042471041,Low
8a130737016f838139d31878787a39c9,62,0.06451612903225812,4.354838709677419,0.09032258064516137,Low
562fc2f2c2863ab7e79a9e4388a58a14,270,0.04814814814814816,4.235074626865671,0.09008291873963518,Low
66922902710d126a0e7d26b0e3805106,156,0.07692307692307687,4.451612903225806,0.09002481389578162,Low
1d29dfba02015238dfbe2449a5eaa361,12,0.08333333333333337,4.5,0.09000000000000002,Low
a5259c149128e82c9d6d46e0c1c812bb,8,0.0,3.875,0.09,Low
4eb61f060e7dcc1d5a80d806c35cc541,8,0.0,3.875,0.09,Low
c447f8dd3ed213f291d65ef074a268eb,8,0.0,3.875,0.09,Low
8f2b51a30523cdecddc2f179f351c7d6,8,0.0,3.875,0.09,Low
a1544b9ea0b2390e020537d4daa89049,8,0.0,3.875,0.09,Low
bbaff50f3b708fda865918715276cd87,16,0.125,4.8125,0.09,Low
e601b04acf48b4576e73ddca9481f0dc,16,0.0,3.875,0.09,Low
edb1ef5e36e0c8cd84eb3c9b003e486d,175,0.07428571428571429,4.434285714285714,0.08982857142857145,Low
f789d2c4f2c2eb38fc4373e7a4b35264,49,0.04081632653061229,4.183673469387755,0.08979591836734696,Low
7b07b3c7487f0ea825fc6df75abd658b,98,0.061224489795918324,4.336734693877551,0.08979591836734693,Low
4b9750c8ad28220fe6702d4ecb7c898f,222,0.06306306306306309,4.351351351351352,0.0897297297297297,Low
f181738b150df1f37cb0bd72e705b193,37,0.08108108108108103,4.486486486486487,0.08972972972972967,Low
670c26e0f1bf8d0576271d5cfaec6d2b,87,0.05747126436781613,4.310344827586207,0.0896551724137931,Low
c70c1b0d8ca86052f45a432a38b73958,338,0.056213017751479244,4.3014925373134325,0.08960840766581293,Low
3481aa57cd91f9f9d3fa1fa12d9a3bf7,25,0.0,3.88,0.0896,Low
de722cd6dad950a92b7d4f82673f8833,379,0.03693931398416883,4.159151193633952,0.08943149289978514,Low
efcd8d2104f1a05d028af7bad20d974b,51,0.039215686274509776,4.176470588235294,0.08941176470588233,Low
715bbd5ba4e6b74cb0d2f29eb45058b0,64,0.078125,4.46875,0.08937499999999998,Low
4b5f66b7adcf57f1ecc0d3c07dd6b177,38,0.02631578947368418,4.081081081081081,0.08930298719772407,Low
6e864f5c4669eff3d98140a07cc50202,13,0.07692307692307687,4.461538461538462,0.08923076923076918,Low
dbb9b48c841a0e39e21f98e1a6b2ec3e,118,0.0423728813559322,4.203389830508475,0.08915254237288134,Low
750303a20e9c56b2a6bc45cdce0b897d,57,0.052631578947368474,4.280701754385965,0.0891228070175439,Low
9dda5bbacd45e18d6485fee649205d09,22,0.045454545454545414,4.2272727272727275,0.08909090909090907,Low
d9442042130b7fe579d1295f9f4a248f,22,0.045454545454545414,4.2272727272727275,0.08909090909090907,Low
72c5da29406b4234927b81855e7b64f6,31,0.032258064516129004,4.129032258064516,0.08903225806451612,Low
01fdefa7697d26ad920e9e0346d4bd1b,131,0.06106870229007633,4.346153846153846,0.08894891368173814,Low
c64a2aec32cc408a8a4c6d7c46017f91,9,0.0,3.888888888888889,0.08888888888888889,Low
7901646fdd36a55f564ffaf2dbccaaf7,27,0.07407407407407407,4.444444444444445,0.08888888888888886,Low
33576ec5412fb5905d876f12f33bfde6,32,0.03125,4.125,0.08875000000000002,Low
17ca9b9e9b9ef8fdb529001b49ebb50f,129,0.015503875968992276,4.007751937984496,0.08868217054263568,Low
3ca08eeb8d5595949fed424bd3677742,14,0.0714285714285714,4.428571428571429,0.08857142857142852,Low
768de2a4fc06aacecb9a586ccc30746a,14,0.0714285714285714,4.428571428571429,0.08857142857142852,Low
850f4f8af5ea87287ac68de36e29107f,192,0.05208333333333337,4.287234042553192,0.08827127659574469,Low
575df70bde3f9f2b30bf8d2e9910d725,34,0.02941176470588236,4.117647058823529,0.08823529411764708,Low
3f0e48d209018b466fcd3bb4ccfeb520,10,0.0,3.9,0.088,Low
33c51922b6e3c16b24a8f28e5833c99d,20,0.050000000000000044,4.277777777777778,0.08777777777777782,Low
40d54b51e962dbe09cabbcfd33298dee,31,0.0,3.903225806451613,0.08774193548387098,Low
cea729054f157f5870bdd321a958d994,26,0.038461538461538436,4.1923076923076925,0.08769230769230768,Low
76d64c4aca3a7baf218bf93ef7fa768d,69,0.02898550724637683,4.1231884057971016,0.087536231884058,Low
dbdd0ec73a4817971d962698f2fea022,16,0.0625,4.375,0.0875,Low
87d30a6a0cbf89356e49324971ab1d24,17,0.05882352941176472,4.352941176470588,0.08705882352941181,Low
b94cc9f10ddc85e4ba73a6f7974e7101,39,0.05128205128205132,4.297297297297297,0.08698544698544702,Low
15cd6eefe58588619aaed41dfa6621b1,18,0.05555555555555558,4.333333333333333,0.08666666666666673,Low
2009a095de2a2a41626f6c6d7722678d,12,0.0,3.9166666666666665,0.08666666666666667,Low
1464afc72f696af775557a821c2e253f,30,0.033333333333333326,4.166666666666667,0.08666666666666664,Low
80e6699fe29150b372a0c8a1ebf7dcc8,100,0.050000000000000044,4.292929292929293,0.08656565656565657,Low
179d859f51292aac5c10806a356f7af9,19,0.052631578947368474,4.315789473684211,0.08631578947368423,Low
9b00ed88b7fdb95d6ff76e27c1b52d16,51,0.07843137254901966,4.509803921568627,0.0862745098039216,Low
dfa0c4c6229ab200a4a1336b4d7128ff,86,0.011627906976744207,4.011627906976744,0.086046511627907,Low
d50d79cb34e38265a8649c383dcffd48,70,0.042857142857142816,4.246376811594203,0.08600414078674945,Low
f9244d45189d3a3605499abddeade7d5,21,0.04761904761904767,4.285714285714286,0.08571428571428577,Low
e439f7176d763f92de325271111b2fd5,7,0.1428571428571429,5.0,0.08571428571428574,Low
c3fe93ba3085f92855c97e57f38c8c05,7,0.1428571428571429,5.0,0.08571428571428574,Low
55d3daac7c404d59e51c2aa2f4dc5a23,28,0.0,3.9285714285714284,0.08571428571428573,Low
c840d3fdbba0790404fdae73d253b253,14,0.0,3.9285714285714284,0.08571428571428573,Low
412a4720f3e9431b4afa1476a1acddbe,22,0.045454545454545414,4.2727272727272725,0.08545454545454545,Low
530ec6109d11eaaf87999465c6afee01,104,0.038461538461538436,4.221153846153846,0.08538461538461542,Low
9f505651f4a6abe901a56cdc21508025,430,0.046511627906976716,4.28169014084507,0.08537176547658042,Low
640e21a7d01df7614a3b4923e990d40c,137,0.04379562043795615,4.262773722627737,0.0852554744525547,Low
cb8bcce248bb1fb274ba762d8b971456,69,0.04347826086956519,4.260869565217392,0.08521739130434777,Low
cf2384dd2f1dddea3f838efed0945e65,16,0.0,3.9375,0.08500000000000002,Low
0db783cfcd3b73998abc6e10e59a102f,137,0.03649635036496346,4.213235294117647,0.08483898668956635,Low
b83cedfb587e7911540e3f576d6917ce,25,0.040000000000000036,4.24,0.08479999999999999,Low
cda598c48d7c614bc1cad7d8ff6f0010,18,0.0,3.9444444444444446,0.08444444444444442,Low
4b0fdb526525f9890eb145bf1534640e,20,0.0,3.95,0.08399999999999999,Low
180c3376aff0e43dd5788709df48a843,10,0.09999999999999998,4.7,0.08399999999999996,Low
2fdde51ad3e12f297da656d4fbd5d0b5,10,0.09999999999999998,4.7,0.08399999999999996,Low
0885aaf116795758dfeb5f1032487bcd,30,0.033333333333333326,4.2,0.08399999999999996,Low
4c03b9dd4c11ee2cb35c96c49efc9420,48,0.02083333333333337,4.1063829787234045,0.08398936170212766,Low
b2c97074649f92197d9387d9033dda5f,11,0.09090909090909094,4.636363636363637,0.08363636363636362,Low
eb3071b9f0b0ddaa2df5ea130f09f26b,11,0.09090909090909094,4.636363636363637,0.08363636363636362,Low
6edacfd9f9074789dad6d62ba7950b9c,219,0.0547945205479452,4.36697247706422,0.08351891416362953,Low
0a85ebe4e328db81ac9109781205e2f7,12,0.08333333333333337,4.583333333333333,0.08333333333333337,Low
282f23a9769b2690c5dda22e316f9941,110,0.045454545454545414,4.3,0.08327272727272725,Low
7dc8c42cc750eeafea6c85712ffee9bf,50,0.040000000000000036,4.26,0.08320000000000002,Low
c731d18cea9bf687ffee82a241c25b11,26,0.0,3.96,0.0832,Low
562f8cfc51f265411f487d07e9c40e7f,13,0.07692307692307687,4.538461538461538,0.08307692307692305,Low
cab85505710c7cb9b720bceb52b01cee,209,0.0430622009569378,4.2860576923076925,0.08295270518954728,Low
7722b1df1b0e383e000397b2c11e3e19,145,0.03448275862068961,4.222222222222222,0.082911877394636,Low
6806dad1da97bfb5a9038eac6881f706,14,0.0,3.9642857142857144,0.08285714285714284,Low
6481e96574816ead57975da2c0f6d80d,43,0.023255813953488413,4.1395348837209305,0.0827906976744186,Low
1bb2bdb95f4841f1bba2c0d2cd83d3c9,85,0.08235294117647063,4.583333333333333,0.08274509803921573,Low
aba1721a889e04decc910aa13b768ef4,92,0.06521739130434778,4.456521739130435,0.08260869565217391,Low
0241d4d5d36f10f80c644447315af0bd,246,0.04471544715447151,4.3061224489795915,0.0823394723743156,Low
a425f92c199eb576938df686728acd20,19,0.052631578947368474,4.368421052631579,0.08210526315789479,Low
e7f3bf1ecd8526eb7f3b18059e6716e5,19,0.052631578947368474,4.368421052631579,0.08210526315789479,Low
3dbbce181edfaa4a597ec858c382d2ec,20,0.050000000000000044,4.35,0.08200000000000007,Low
c003204e1ab016dfa150abc119207b24,202,0.05940594059405946,4.422885572139304,0.08181271858529135,Low
a5a1bfcf728ab0e19182959cf0771ee4,24,0.04166666666666663,4.291666666666667,0.08166666666666662,Low
1fe5540d7c1c37a595fefbacd5570d9e,25,0.040000000000000036,4.28,0.08159999999999998,Low
3bb548e3cb7f70f28e3f11ee9dce0e59,53,0.0,3.981132075471698,0.08150943396226418,Low
2e13c71026e1a39ba5cc1b86dcb679aa,28,0.0357142857142857,4.25,0.08142857142857143,Low
fa1a9dec3a9940c072684a46728bf1fc,60,0.0,3.983050847457627,0.08135593220338984,Low
cce6ab8d1682639fe45ab70234f1665f,66,0.06060606060606055,4.4393939393939394,0.08121212121212115,Low
259f7b5e6e482c230e5bfaa670b6bb8f,165,0.030303030303030276,4.213414634146342,0.08110864745011082,Low
dee656f0f566ed1aa85bd137c943f08f,95,0.052631578947368474,4.382978723404255,0.08094064949608068,Low
c66dccfb3f109511246da627dd5a2498,45,0.06666666666666665,4.488888888888889,0.08088888888888887,Low
a3a38f4affed601eb87a97788c949667,263,0.05323193916349811,4.388461538461539,0.08086224042117576,Low
8bd0f31cf0a614c658f6763bd02dea69,35,0.02857142857142858,4.205882352941177,0.08067226890756302,Low
30a2f535bb48308f991d0b9ad4a8c4bb,87,0.03448275862068961,4.252873563218391,0.08045977011494247,Low
fa40cc5b934574b62717c68f3d678b6d,340,0.05882352941176472,4.437869822485207,0.08026453184824228,Low
83deb69e889cf80f82be1dc6d5f2d486,42,0.04761904761904767,4.357142857142857,0.08000000000000007,Low
718539d38d07dd351c76db862760e2e2,45,0.0444444444444444,4.333333333333333,0.08000000000000002,Low
cb9fb4ca75d7ba8437480e8dde64fe98,10,0.0,4.0,0.07999999999999999,Low
ca7c6bd577e559472af1c699de9e764e,8,0.0,4.0,0.07999999999999999,Low
bff9deb0ec77d437f3305a79cf25529e,5,0.0,4.0,0.07999999999999999,Low
5a05a16bb50629ee31afab8a6d4c2674,15,0.0,4.0,0.07999999999999999,Low
f35becee938e982bd615edf8ef12bcfb,6,0.0,4.0,0.07999999999999999,Low
b8a0adc91af209270c2c725168eb00fd,6,0.0,4.0,0.07999999999999999,Low
55c26bcb609f480eb7868594245febb5,6,0.0,4.0,0.07999999999999999,Low
f5b44895715ddfe3087dc414f30268f3,19,0.0,4.0,0.07999999999999999,Low
b29d3380981c51df13fc6fbe87e1763d,7,0.0,4.0,0.07999999999999999,Low
5dc203c7b84a0e71e878a179de05fb9a,5,0.0,4.0,0.07999999999999999,Low
439a47cc365d6e3bd526812ea9de3c29,13,0.0,4.0,0.07999999999999999,Low
29fe9f200d3fa0c668d2aa1ec7e08dfb,5,0.0,4.0,0.07999999999999999,Low
651fe66032c9520ee5587f694908040d,7,0.0,4.0,0.07999999999999999,Low
403aa86912527d730337ffcb0fb096ab,11,0.0,4.0,0.07999999999999999,Low
2d42ebcda99fd55f6f4bc2f1ca035d50,11,0.0,4.0,0.07999999999999999,Low
77714512e8d4dda9c234da8e3faf16e4,6,0.0,4.0,0.07999999999999999,Low
5fd924b4836098a5be0ecf81ba054ce0,8,0.0,4.0,0.07999999999999999,Low
7f35f9daf223da737b78738fbae4d977,5,0.0,4.0,0.07999999999999999,Low
3969863bb8af7f72580b3b1ffd3a17b3,13,0.0,4.0,0.07999999999999999,Low
582d4f8675b945722eda7c0cb61ba4c7,71,0.014084507042253502,4.112676056338028,0.07943661971830984,Low
1e8b33f18b4f7598d87f5cbee2282cc2,140,0.0357142857142857,4.282608695652174,0.07881987577639753,Low
dfc475d54e1b6dbeeb7d7d9bdaa63827,21,0.04761904761904767,4.380952380952381,0.07809523809523808,Low
95ec4458365c4d11f452ccf538377619,31,0.032258064516129004,4.266666666666667,0.0780215053763441,Low
ba90964cff9b9e0e6f32b23b82465f7b,38,0.052631578947368474,4.421052631578948,0.07789473684210527,Low
25cf099de44674fde97473224f9d59ab,50,0.040000000000000036,4.326530612244898,0.07787755102040816,Low
f1ed6bd0a9b11b581f16c851c6a5a527,18,0.05555555555555558,4.444444444444445,0.07777777777777778,Low
1fdc574883ef3b33ad41562d93f3a74a,18,0.05555555555555558,4.444444444444445,0.07777777777777778,Low
cd6efc47efaabf134f8bdb654e10b4f1,32,0.0625,4.5,0.07749999999999999,Low
3f995f07c49d0d55a99d5c54957f7d81,43,0.023255813953488413,4.209302325581396,0.07720930232558142,Low
f7496d659ca9fdaf323c0aae84176632,27,0.07407407407407407,4.592592592592593,0.07703703703703704,Low
94144541854e298c2d976cb893b81343,76,0.03947368421052633,4.333333333333333,0.07701754385964917,Low
4bfc7a4a1cf8d4d2121c27422d9e50b5,40,0.025000000000000022,4.225,0.07700000000000003,Low
1660ad786c27fd935378b6192a90b417,13,0.07692307692307687,4.615384615384615,0.07692307692307691,Low
32b8764b4ef628b53608fc34011fcc13,38,0.02631578947368418,4.2368421052631575,0.07684210526315789,Low
0509040ea3fe50071181bbc359eb7738,98,0.061224489795918324,4.5,0.076734693877551,Low
c394e193cda3b4225ff2094d32184849,12,0.08333333333333337,4.666666666666667,0.07666666666666669,Low
5c853bb56f70f4d14218944bae111d7a,24,0.0,4.041666666666667,0.07666666666666666,Low
02f623a8eb246f3c5f7c2f96462654e6,44,0.06818181818181823,4.558139534883721,0.07625792811839324,Low
7299e27ed73d2ad986de7f7c77d919fa,361,0.049861495844875314,4.421052631578948,0.07623268698060937,Low
cc63f0dd2acba93ffed4fe9f8e0321fa,63,0.0,4.0476190476190474,0.0761904761904762,Low
f3b80352b986ab4d1057a4b724be19d0,92,0.010869565217391353,4.130434782608695,0.0760869565217392,Low
ff063b022a9a0aab91bad2c9088760b7,96,0.03125,4.28421052631579,0.07601315789473682,Low
d94ba08b99bedd6a5f6c875ecc4a6fac,10,0.09999999999999998,4.8,0.076,Low
b127efdabeffb5d559349c7b172eb75d,10,0.09999999999999998,4.8,0.076,Low
9dd59e43f0c9f0553244e8f9c2fb247e,10,0.09999999999999998,4.8,0.076,Low
d13e50eaa47b4cbe9eb81465865d8cfc,69,0.10144927536231885,4.811594202898551,0.07594202898550724,Low
37be5a7c751166fbc5f8ccba4119e043,281,0.03558718861209964,4.317689530685921,0.07593715071238612,Low
d9a84e1403de8da0c3aa531d6d108ba6,59,0.06779661016949157,4.559322033898305,0.0759322033898305,Low
bf00385a5f7fc1ef39a13c2e9ee50a5f,29,0.03448275862068961,4.310344827586207,0.0758620689655172,Low
094ced053e257ae8cae57205592d6712,19,0.0,4.052631578947368,0.07578947368421055,Low
87142160b41353c4e5fca2360caf6f92,339,0.041297935103244865,4.362426035502959,0.07578467822171023,Low
f41ce2e25237f9092cd8e6e7516c7a2f,28,0.0357142857142857,4.321428571428571,0.07571428571428573,Low
b6d44737c043328708f6749c2dbe50bd,80,0.0625,4.525,0.07549999999999998,Low
5c243662ce92d84573bfaff24c3e3700,100,0.010000000000000009,4.1313131313131315,0.0754949494949495,Low
25e47381a6c510ddeb36084e33b89f0c,17,0.0,4.0588235294117645,0.07529411764705883,Low
8a432f4e5b471f8da497d7dc517666e2,106,0.018867924528301883,4.201923076923077,0.07516690856313502,Low
0432ead42b6c8a0bdf68154add917fdf,90,0.05555555555555558,4.477777777777778,0.07511111111111113,Low
c6218512d16fcac0af02fe92691cf274,8,0.0,4.0625,0.07500000000000001,Low
6c12e40690c335dbc2f68a4134d30dc1,18,0.0,4.0625,0.07500000000000001,Low
df0f42bc4c2142eacf0eaf2cffd0cfbb,16,0.0,4.0625,0.07500000000000001,Low
25e6ffe976bd75618accfe16cefcbd0d,117,0.042735042735042694,4.384615384615385,0.07487179487179481,Low
4200ddf1967c5e41e48db62bc6d4b5ac,42,0.023809523809523836,4.243243243243243,0.07482625482625485,Low
4a1f694197d05fe70026b016a7316b41,23,0.04347826086956519,4.391304347826087,0.07478260869565215,Low
e84ad2127668df3aafc6b73531a0beb8,23,0.04347826086956519,4.391304347826087,0.07478260869565215,Low
d624126b9206f595fb3fbb6ba03b28a8,28,0.0357142857142857,4.333333333333333,0.0747619047619048,Low
503c1de08ae81a2d86f17951b204db55,22,0.045454545454545414,4.409090909090909,0.07454545454545453,Low
5670f4db5b62c43d542e1b2d56b0cf7c,22,0.045454545454545414,4.409090909090909,0.07454545454545453,Low
112453736dbe3889cfb74e1aaa0ba0c1,14,0.0,4.071428571428571,0.07428571428571429,Low
eeb6de78f79159600292e314a77cbd18,84,0.04761904761904767,4.428571428571429,0.07428571428571429,Low
20d83f3ef0e6925fd74bfd59170babf7,54,0.03703703703703709,4.351851851851852,0.07407407407407407,Low
ce69a8021d18961dd2a40269b7c2c293,19,0.052631578947368474,4.473684210526316,0.07368421052631582,Low
01c97ebb5cdac52891c0ed1c37ba0012,12,0.0,4.083333333333333,0.07333333333333335,Low
6bb0724edf0b62fb91ac404873a97241,18,0.05555555555555558,4.5,0.07333333333333333,Low
e333046ce6517bd8bb510291d44f0130,74,0.04054054054054057,4.391891891891892,0.07297297297297299,Low
080102cd0a76b09e0dcf55fcacc60e05,130,0.05384615384615388,4.492307692307692,0.07292307692307695,Low
5f3ae9136c875522250f8184f253413a,46,0.06521739130434778,4.5777777777777775,0.07290821256038649,Low
2dee2ce60de9709b1a24083217181a1f,55,0.036363636363636376,4.363636363636363,0.07272727272727275,Low
834f3294fba9f932f56edc879193f925,66,0.06060606060606055,4.545454545454546,0.07272727272727267,Low
113e3a788b935f48aad63e1c41dac1bd,48,0.04166666666666663,4.404255319148936,0.07265957446808512,Low
3586b8580d9c917874e053a1bb37b5ff,43,0.046511627906976716,4.441860465116279,0.0725581395348837,Low
aafe36600ce604f205b86b5084d3d767,131,0.03816793893129766,4.3816793893129775,0.0723664122137404,Low
ccf8813e5a7d6c84d865cd38bfc2b130,26,0.038461538461538436,4.384615384615385,0.07230769230769225,Low
a3f0b55de503387383c7b1de3ad7f678,26,0.038461538461538436,4.384615384615385,0.07230769230769225,Low
8fdca8e349553f99bc738833a62c8802,29,0.03448275862068961,4.357142857142857,0.07211822660098524,Low
41b14765bd56c8ad10971074380f9c0c,10,0.0,4.1,0.07200000000000002,Low
0bae85eb84b9fb3bd773911e89288d54,146,0.013698630136986356,4.205479452054795,0.07178082191780821,Low
0ef83d7d83ed97cd2a0049ac8be5f88a,55,0.018181818181818188,4.2407407407407405,0.07164983164983167,Low
9baf5cb77970f539089d09a38bcec5c3,33,0.030303030303030276,4.333333333333333,0.07151515151515153,Low
980640c45d7a4635885491d077167e4d,14,0.0714285714285714,4.642857142857143,0.0714285714285714,Low
5a413ade68e8f8d93071a7f52a64cb9e,14,0.0714285714285714,4.642857142857143,0.0714285714285714,Low
07017df32dc5f2f1d2801e579548d620,9,0.0,4.111111111111111,0.07111111111111112,Low
65a7c0788e4d632ccb5e1b594b87f0bb,9,0.0,4.111111111111111,0.07111111111111112,Low
a369d693961cb93b61ca2cc518872a85,18,0.0,4.111111111111111,0.07111111111111112,Low
c35672b10ad50968f567ea3f4b91e877,22,0.045454545454545414,4.454545454545454,0.0709090909090909,Low
01fd077212124329bac32490e8ef80d9,39,0.02564102564102566,4.3076923076923075,0.0707692307692308,Low
06df0c10d34e459d9672bc77388742eb,30,0.033333333333333326,4.366666666666666,0.07066666666666668,Low
52a52b9f656520e99716f5bc40f661c8,8,0.0,4.125,0.07000000000000002,Low
c5e60e39c0f42b8e827daa13cff74afa,8,0.0,4.125,0.07000000000000002,Low
3985a3c45be355a4c57fde108bfabd1c,8,0.0,4.125,0.07000000000000002,Low
ae8bfdbf1c2a2a2dee92d799db0a31c6,8,0.0,4.125,0.07000000000000002,Low
9140bd1d9de28b197dce077bdd687438,8,0.0,4.125,0.07000000000000002,Low
916c9de0b5ad957346eeeb12f332687e,28,0.0357142857142857,4.392857142857143,0.06999999999999995,Low
5b925e1d006e9476d738aa200751b73b,63,0.06349206349206349,4.603174603174603,0.06984126984126986,Low
b90e891671cffd9557f33a97dc523645,39,0.0,4.128205128205129,0.06974358974358973,Low
d98eec89afa3380e14463da2aabaea72,183,0.021857923497267784,4.293956043956044,0.06959827058187718,Low
730937bf88cb151eb2eb849f642fc213,26,0.038461538461538436,4.423076923076923,0.06923076923076919,Low
0df3984f9dfb3d49ac6366acbd3bbb85,89,0.022471910112359605,4.303370786516854,0.06921348314606748,Low
5a6a02f419701fc8c605af71d4fc57a4,11,0.09090909090909094,4.818181818181818,0.06909090909090912,Low
da7039f29f90ce5b4846ffc0fcc93beb,18,0.05555555555555558,4.555555555555555,0.06888888888888892,Low
2646baaf662d4d92ac48f047e35db92d,18,0.05555555555555558,4.555555555555555,0.06888888888888892,Low
9d4db00d65d7760644ac0c14edb5fd86,100,0.050000000000000044,4.515151515151516,0.0687878787878788,Low
f626e15b7314c267e4429010866f70e9,7,0.0,4.142857142857143,0.06857142857142855,Low
aae5e7b457a3c72ee230a47d98fceda5,7,0.0,4.142857142857143,0.06857142857142855,Low
e45edf75f568ed2f93f78d060e246e25,7,0.0,4.142857142857143,0.06857142857142855,Low
70bf57d811208f8923b41bbd499a67a4,7,0.0,4.142857142857143,0.06857142857142855,Low
c6bda72e4dbf5c5866b13cb1810c6d03,59,0.03389830508474578,4.398305084745763,0.06847457627118644,Low
4736e9d642ef4257cd7622516931eb51,20,0.0,4.15,0.06799999999999998,Low
5b2e94f2c22b39ccc24d34ad0f669672,10,0.09999999999999998,4.9,0.06799999999999995,Low
2d2322d842118867781fc737e96d59a1,10,0.09999999999999998,4.9,0.06799999999999995,Low
2ff97219cb8622eaf3cd89b7d9c09824,96,0.05208333333333337,4.541666666666667,0.06791666666666665,Low
6c7d50c24b3ccd2fd83b44d8bb34e073,128,0.03125,4.3858267716535435,0.06788385826771651,Low
dbd66278cbfe1aa1000f90a217ca4695,99,0.04040404040404044,4.454545454545454,0.06787878787878791,Low
8ab42aa58097fd4668d60cc648225d5f,26,0.0,4.153846153846154,0.06769230769230768,Low
5882820ef11c4c068eea0677a7a879b4,14,0.0,4.153846153846154,0.06769230769230768,Low
3340ef1913fb70d28420f6ceb685c339,42,0.023809523809523836,4.333333333333333,0.06761904761904768,Low
0ea22c1cfbdc755f86b9b54b39c16043,269,0.022304832713754608,4.3226415094339625,0.06757157887353575,Low
729b2d09b2a0bdab221076327f13d050,61,0.049180327868852514,4.524590163934426,0.06754098360655743,Low
d4e12e7884759a14fa0f5f896c791cae,32,0.0625,4.625,0.06749999999999998,Low
f680f85bee2d253556ac91be391d2c82,54,0.01851851851851849,4.296296296296297,0.06740740740740735,Low
d03698c2efd04a549382afa6623e27fb,21,0.04761904761904767,4.523809523809524,0.06666666666666671,Low
d25aa0aaacb370e912f8cf6efeba38b3,21,0.04761904761904767,4.523809523809524,0.06666666666666671,Low
9d489893ff6af05029671b785f54b998,6,0.0,4.166666666666667,0.06666666666666665,Low
d9e8c084b68fe958861d8f2c21202e6b,12,0.0,4.166666666666667,0.06666666666666665,Low
141440cad9341e553f8401c574a2aa38,12,0.0,4.166666666666667,0.06666666666666665,Low
6750d71153f00fc58829af2a8ef1bcf1,6,0.0,4.166666666666667,0.06666666666666665,Low
fac35d150712afb921ec59ac5f39bb11,6,0.0,4.166666666666667,0.06666666666666665,Low
8c5e007d7bd5693fa1386ffefbc99f6c,24,0.0,4.166666666666667,0.06666666666666665,Low
4bf2f4ee540798a61f9636d12cd9cc80,30,0.0,4.166666666666667,0.06666666666666665,Low
515d781150feed28a6ac091bb0e3cb8c,6,0.0,4.166666666666667,0.06666666666666665,Low
2953ce3a88f5e3c3b696d77fc9e4c8eb,15,0.06666666666666665,4.666666666666667,0.06666666666666665,Low
89ad3263c0931c47f976d7c5778e60f6,6,0.0,4.166666666666667,0.06666666666666665,Low
48e954b2da4f6a750c844173b347ed40,6,0.0,4.166666666666667,0.06666666666666665,Low
9616352088dcf83a7c06637f4ebf1c80,98,0.010204081632653073,4.244897959183674,0.06653061224489794,Low
6426d21aca402a131fc0a5d0960a3c90,23,0.0,4.173913043478261,0.06608695652173915,Low
8bb48dc19fccaa8613b6229bf7f452a2,95,0.021052631578947323,4.336842105263158,0.06568421052631578,Low
226b05fe067266c59c15dae208213d06,11,0.0,4.181818181818182,0.06545454545454547,Low
26af45f5dfd967225a832838aa4e24a3,11,0.0,4.181818181818182,0.06545454545454547,Low
d1b9d4be4b6f9ebd85f8acd6745ba612,11,0.0,4.181818181818182,0.06545454545454547,Low
e0a366315b1b726b6c7832d664c0f530,51,0.019607843137254943,4.333333333333333,0.06509803921568634,Low
0d33a55da925bbf1ff02af5f6059fc7f,24,0.04166666666666663,4.5,0.06499999999999997,Low
b8bc237ba3788b23da09c0f1f3a3288c,47,0.021276595744680882,4.3478260869565215,0.0649398704902868,Low
5f5b43b2bffa8656e4bc6efeb13cc649,29,0.03448275862068961,4.448275862068965,0.06482758620689653,Low
516e7738bd8f735ac19a010ee5450d8d,84,0.04761904761904767,4.5476190476190474,0.0647619047619048,Low
ed4311e67debd72b8610a5347a743087,26,0.038461538461538436,4.48,0.064676923076923,Low
43f8c9950d11ecd03a0304a49e010da6,41,0.04878048780487809,4.560975609756097,0.06439024390243908,Low
d1b65fc7debc3361ea86b5f14c68d2e2,41,0.04878048780487809,4.560975609756097,0.06439024390243908,Low
c113b8df1fc375bc3d73d29c1b1144d1,5,0.0,4.2,0.06399999999999997,Low
8fb791022c1fc8909664f48ab7dc636d,5,0.0,4.2,0.06399999999999997,Low
df47da4ae86fa4db890d05aaf24e21d8,5,0.0,4.2,0.06399999999999997,Low
7df1fc11cc5cbc518b39faa60cf5d67c,5,0.0,4.2,0.06399999999999997,Low
7b7ed56ae755e2880f2b69632e839c1e,5,0.0,4.2,0.06399999999999997,Low
a7c88262832dfc683781d6a421edefae,5,0.0,4.2,0.06399999999999997,Low
809413606dbfe5deefd2db646693ef67,5,0.0,4.2,0.06399999999999997,Low
ba6b68b55fe8704377a7d43c8e5c0185,5,0.0,4.2,0.06399999999999997,Low
f021c962aaba8ef6eb527a9c2c8394d1,5,0.0,4.2,0.06399999999999997,Low
8c16d1f32a54d92897cc437244442e1b,118,0.016949152542372836,4.327586206896552,0.06396259497369959,Low
6aa3928696eab49a19a466e665a649fd,22,0.045454545454545414,4.545454545454546,0.06363636363636357,Low
ac3508719a1d8f5b7614b798f70af136,104,0.04807692307692313,4.568627450980392,0.06335595776772251,Low
e49c26c3edfa46d227d5121a6b6e4d37,36,0.02777777777777779,4.416666666666667,0.06333333333333331,Low
39d61be7a92eb77b7da367bd4845bc0e,14,0.0,4.214285714285714,0.06285714285714286,Low
d93844a9c55ba7ce353388bcf849ea56,14,0.0,4.214285714285714,0.06285714285714286,Low
9d5a9018aee56acb367ba9c3f05d1d6a,79,0.025316455696202556,4.405063291139241,0.06278481012658228,Low
d23019c84ffae2d5ef2270367b8605fc,39,0.02564102564102566,4.410256410256411,0.06256410256410254,Low
b1a81260566c1bac3114a6d124413f27,54,0.0,4.222222222222222,0.06222222222222223,Low
3d2531eccfbde1d7c8db7a3a12fb267a,10,0.0,4.222222222222222,0.06222222222222223,Low
c7a0a13cbcf29d5ce51c8f80afdc0b89,9,0.0,4.222222222222222,0.06222222222222223,Low
d0d70d21e2234dd7cd3cf63fe414148a,9,0.0,4.222222222222222,0.06222222222222223,Low
aced59e9b31ef866a94f9e7f29d8d418,67,0.02985074626865669,4.447761194029851,0.06208955223880597,Low
9bcdfa7b615b3abb9461d9e3ad9886ae,20,0.050000000000000044,4.6,0.062000000000000055,Low
b4f8921fcc4ff77b66bea6dda43dcd51,20,0.050000000000000044,4.6,0.062000000000000055,Low
381c83fdca332ea6afd896da20bf6e4a,46,0.021739130434782594,4.391304347826087,0.06173913043478259,Low
33ac3e28642ab8bda860a2f693000e78,35,0.0,4.228571428571429,0.0617142857142857,Low
41ab63a91b8b264e8c8780368bf1dd5b,13,0.0,4.230769230769231,0.06153846153846154,Low
bb5bd94c8f59cc050072d2930c869cac,17,0.0,4.235294117647059,0.061176470588235304,Low
5f1dc28029d2c244352a68107ec2b542,78,0.02564102564102566,4.428571428571429,0.06109890109890108,Low
33a6f4b1e7cdc205511e76ba1b6e0186,126,0.015873015873015928,4.357142857142857,0.06095238095238102,Low
1dc2de47ee26a0a5b12dc14fd6dc0dea,27,0.03703703703703709,4.518518518518518,0.06074074074074079,Low
fc906263ca5083d09dce42fe02247800,119,0.01680672268907568,4.369747899159663,0.060504201680672345,Low
bf3c6d2a28b2b5501e6c15448982dcc9,43,0.023255813953488413,4.4186046511627906,0.060465116279069794,Low
02c988090b766852e088c69d7fb3b551,17,0.05882352941176472,4.6875,0.06029411764705883,Low
5cf13accae3222c70a9cac40818ae839,156,0.02564102564102566,4.438709677419355,0.06028784119106703,Low
512d298ac2a96d1931b6bd30aa21f61d,12,0.0,4.25,0.06000000000000001,Low
7ecef8194babfec876ca720714327841,8,0.0,4.25,0.06000000000000001,Low
de66a66f2dd06bb9ec37aa96987466a3,8,0.0,4.25,0.06000000000000001,Low
ffdd9f82b9a447f6f8d4b91554cc7dd3,20,0.0,4.25,0.06000000000000001,Low
f25e239052084705e17a982bc600ab2a,8,0.0,4.25,0.06000000000000001,Low
7a2d2949aea47fab95fd98d6c9f618b1,12,0.0,4.25,0.06000000000000001,Low
9de4643a8dbde634fe55621059d92273,81,0.03703703703703709,4.530864197530864,0.059753086419753146,Low
a5cba26a62b8b4d0145b68b841e62e7f,55,0.036363636363636376,4.527272727272727,0.059636363636363626,Low
f3c38ab652836d21de61fb8314b69182,15,0.0,4.266666666666667,0.05866666666666669,Low
ba5daa4041e1f15cdf34b76e3e18a450,15,0.0,4.266666666666667,0.05866666666666669,Low
5160d23075764e18e07c1f4a87fad743,39,0.02564102564102566,4.461538461538462,0.058461538461538454,Low
fde0cc9ea29c8ccfc0a2c22256a58c71,35,0.02857142857142858,4.485714285714286,0.058285714285714295,Low
f12d3c2a14729ae461b920c11fe20fdc,11,0.0,4.2727272727272725,0.0581818181818182,Low
ff4e2d38692ce827b1a4f4b8196e680d,11,0.0,4.2727272727272725,0.0581818181818182,Low
b9a03475e6447e631b6799ec8274800f,11,0.0,4.2727272727272725,0.0581818181818182,Low
5debea795b07621e1f90532e18f96145,33,0.0,4.2727272727272725,0.0581818181818182,Low
520b493b57809f446cb0a233bb3e25c7,73,0.013698630136986356,4.376712328767123,0.058082191780821954,Low
cc5a78bbad32776dc4e3af205218368c,38,0.02631578947368418,4.473684210526316,0.05789473684210525,Low
59417c56835dd8e2e72f91f809cd4092,18,0.0,4.277777777777778,0.057777777777777796,Low
fad44952713764836814be105382aee5,32,0.0,4.28125,0.05750000000000002,Low
a2b5b6105ea5942300631d2e76f4ffe0,16,0.0625,4.75,0.057500000000000016,Low
f0837c8d71434931d9e38e7b79234797,23,0.04347826086956519,4.608695652173913,0.057391304347826064,Low
e70053bf73d1b5863932e53a9fa47496,7,0.0,4.285714285714286,0.05714285714285716,Low
0761743cbffb25d7148189e9f1a5f03a,7,0.0,4.285714285714286,0.05714285714285716,Low
b274baf5bbd142410eb2958cf685d684,7,0.0,4.285714285714286,0.05714285714285716,Low
b494891378bd8f4560abe576c52deacd,22,0.045454545454545414,4.636363636363637,0.0563636363636363,Low
34d1ca11b242c0fee2c834ae8d788566,41,0.0,4.3,0.05600000000000001,Low
d4ffeb15b67e81ff9af2b4252d99fb7e,12,0.0,4.3,0.05600000000000001,Low
262237171f48e85819065498cac80d7b,10,0.0,4.3,0.05600000000000001,Low
1acde099eb406aa220b1169b188b42da,10,0.0,4.3,0.05600000000000001,Low
55a5b51f93f2b70ea513f5a047b0262a,41,0.024390243902439046,4.487804878048781,0.05560975609756094,Low
6d22a1fcebb6dd08c9cd90b92a93e8d0,13,0.0,4.3076923076923075,0.055384615384615414,Low
f52c2422904463fdd7741f99045fecb6,13,0.0,4.3076923076923075,0.055384615384615414,Low
2f74af7a0ee5636f12c2336f9fffed47,13,0.0,4.3076923076923075,0.055384615384615414,Low
c864036feaab8c1659f65ea4faebe1da,58,0.03448275862068961,4.568965517241379,0.05517241379310345,Low
5cbbd5a299cab112b7bf23862255e43e,38,0.0,4.315789473684211,0.05473684210526315,Low
b410bdd36d5db7a65dcd42b7ead933b8,44,0.045454545454545414,4.659090909090909,0.054545454545454494,Low
10076e5788b8ee532724bcd460baf762,26,0.038461538461538436,4.615384615384615,0.053846153846153856,Low
d1c7fa84e48cfa21a0e595167c1c500e,12,0.0,4.333333333333333,0.05333333333333337,Low
1c5e4e49b9079480255b49d50aac1aa9,12,0.0,4.333333333333333,0.05333333333333337,Low
89f69225956f951295ca4c7fb1266553,12,0.0,4.333333333333333,0.05333333333333337,Low
152ee17e4c8aaf53dac99f3462e4999b,6,0.0,4.333333333333333,0.05333333333333337,Low
777a0c55737f34ffeb78010f7542ab41,6,0.0,4.333333333333333,0.05333333333333337,Low
77fccaae319668a8ab6cd0fd16aec48c,12,0.0,4.333333333333333,0.05333333333333337,Low
f435898e493ba0356019a0b1cb8b55b1,12,0.0,4.333333333333333,0.05333333333333337,Low
2f4b9d112bfa44a214bc6cef085d17c8,6,0.0,4.333333333333333,0.05333333333333337,Low
6879c4d287a8dd06b11f54ea8f78e4da,6,0.0,4.333333333333333,0.05333333333333337,Low
91543f9849d68d023e17194926598543,6,0.0,4.333333333333333,0.05333333333333337,Low
52092ddbd3a58c450a4459bf051b2287,6,0.0,4.333333333333333,0.05333333333333337,Low
6d2f2e3b539480db1e0842b3a4e32e6e,6,0.0,4.333333333333333,0.05333333333333337,Low
709e16e2b25c7474d980076c6bfc4806,80,0.025000000000000022,4.525,0.053000000000000005,Low
916748bc99315c2d202898ae58b1617e,32,0.0,4.34375,0.05249999999999999,Low
c3cfdc648177fdbbbb35635a37472c53,307,0.013029315960912058,4.447712418300654,0.052000596112494926,Low
65b081a070633e057c462abdd6fb9dd8,20,0.0,4.35,0.052000000000000046,Low
6cd68b3ed6d59aaa9fece558ad360c0a,157,0.01273885350318471,4.445859872611465,0.051974522292993625,Low
5bc24d989e71e93c33e50a7782431b0e,17,0.0,4.352941176470588,0.051764705882352983,Low
c68fb906c8f4b4b946d8386bfa6e5467,48,0.02083333333333337,4.51063829787234,0.05164893617021281,Low
12b9676b00f60f3b700e83af21824c0e,135,0.022222222222222254,4.522388059701493,0.0515422885572139,Low
51702dc2a3e106c76dbff722b5bf0726,14,0.0,4.357142857142857,0.05142857142857147,Low
5b85809efd0d0e4dea1a9544e1280ed9,14,0.0,4.357142857142857,0.05142857142857147,Low
612170e34b97004b3ba37eae81836b4c,110,0.009090909090909038,4.427272727272728,0.05127272727272723,Low
6b90f847357d8981edd79a1eb1bf0acb,47,0.0,4.361702127659575,0.05106382978723403,Low
41b86b552e54e3a7009596125aa8b167,11,0.0,4.363636363636363,0.05090909090909093,Low
6f83d9e4da896daae20b9b6b2d3ff8d2,11,0.0,4.363636363636363,0.05090909090909093,Low
b16d3dadc47d4eb18be3d88bad0775ce,11,0.0,4.363636363636363,0.05090909090909093,Low
bf100ecb7997df312b285358fb32f92c,21,0.0,4.368421052631579,0.05052631578947371,Low
744dac408745240a2c2528fb1b6028f3,84,0.023809523809523836,4.5476190476190474,0.050476190476190494,Low
bccf933e006e9b94a6184af782963e77,46,0.021739130434782594,4.533333333333333,0.0503768115942029,Low
9a1aea68d3efa00862ec88c0768037d0,8,0.0,4.375,0.05,Low
b44dbfbf62e52125f3c15d230569ea91,8,0.0,4.375,0.05,Low
32fdd5d44ecb43dfd6a24b9369eca144,8,0.0,4.375,0.05,Low
6b89abe95848c850399130d149a39b63,8,0.0,4.375,0.05,Low
594f9aaa48e5bf431f011ddc5669b0d5,38,0.02631578947368418,4.578947368421052,0.04947368421052632,Low
7f7b8245c336066a1f9933c359f11d77,43,0.023255813953488413,4.558139534883721,0.049302325581395356,Low
6df688df543f90e9b38f4319e75a9d88,56,0.017857142857142905,4.517857142857143,0.049285714285714266,Low
abc015ebac1d283a323ca9db35ede4b9,13,0.0,4.384615384615385,0.04923076923076919,Low
5a93f3ab0ef4c84ed5e1b5dbf23978bc,44,0.045454545454545414,4.7272727272727275,0.04909090909090903,Low
2b3e4a2a3ea8e01938cabda2a3e5cc79,54,0.0,4.388888888888889,0.04888888888888885,Low
a3dd39f583bc80bd8c5901c95878921e,37,0.027027027027026973,4.594594594594595,0.048648648648648596,Low
116ccb1a1604bc88e4d234a8c23f33de,73,0.0273972602739726,4.602739726027397,0.04821917808219178,Low
b372ee768ed69e46ca8cdbd267aa7a38,69,0.0,4.398550724637682,0.04811594202898548,Low
97e4a63591ca439a2b8b7efd20e6e19e,5,0.0,4.4,0.04799999999999996,Low
883dd81e82754ac2c65e9790a7db8c9a,5,0.0,4.4,0.04799999999999996,Low
33dd941c27854f7625b968cc6195a552,5,0.0,4.4,0.04799999999999996,Low
7aa538dd6e114e503a2e6154ea352253,5,0.0,4.4,0.04799999999999996,Low
cbf09e831b0c11f6f23ffb51004db972,10,0.0,4.4,0.04799999999999996,Low
57df9869a600bd6b7c405f2a862eccfb,5,0.0,4.4,0.04799999999999996,Low
46ef1a25845fc051c2998d878354810c,5,0.0,4.4,0.04799999999999996,Low
534a01cc6df1e034e05c32028a291fa2,5,0.0,4.4,0.04799999999999996,Low
4d232b78ab7ef10393dc3807d827bc0d,5,0.0,4.4,0.04799999999999996,Low
e9c6969d40e6a3d2d0f90013165c2b98,10,0.0,4.4,0.04799999999999996,Low
efff9341f3f8f5237b44ff67ed36a7bf,5,0.0,4.4,0.04799999999999996,Low
7d7866a99a8656a42c7ff6352a433410,5,0.0,4.4,0.04799999999999996,Low
365e445f796710c3431557e85caa25db,5,0.0,4.4,0.04799999999999996,Low
5566627eab3fe93fd6ee08798226101a,5,0.0,4.4,0.04799999999999996,Low
7d294cf9a6a69dc6a0c3e540fff0e039,5,0.0,4.4,0.04799999999999996,Low
8603f0038fe0e52fedd3382d266723de,10,0.0,4.4,0.04799999999999996,Low
901b460cdce0c64e471230d7f2f9f3a3,5,0.0,4.4,0.04799999999999996,Low
269cff2d3c8d205c11f37a52402ea93b,5,0.0,4.4,0.04799999999999996,Low
253f95b3a0e6983ae18aed49fbc2b845,5,0.0,4.4,0.04799999999999996,Low
9ac4f14370b1e24ddc58be041b7f99df,5,0.0,4.4,0.04799999999999996,Low
289cdb325fb7e7f891c38608bf9e0962,126,0.023809523809523836,4.579365079365079,0.04793650793650797,Low
7e26c750b4cb9f6766f58265ff9ebe95,27,0.0,4.407407407407407,0.04740740740740739,Low
6a38087bc8ad4f89ff453561005f6dea,22,0.0,4.409090909090909,0.04727272727272727,Low
376a891762bbdecbc02b4b6adec3fdda,58,0.03448275862068961,4.672413793103448,0.04689655172413791,Low
3504c0cb71d7fa48d967e0e4c94d59d9,53,0.0,4.415094339622642,0.04679245283018867,Low
9c690ceacd5c66731bf443ea810195cb,12,0.0,4.416666666666667,0.046666666666666634,Low
1771297ac436903d1dd6b0e9279aa505,36,0.02777777777777779,4.628571428571429,0.04638095238095234,Low
d594982fd877af63ace38ea1fca27c76,7,0.0,4.428571428571429,0.045714285714285686,Low
26bad72add1f86e08a776ce4ffdaf1ca,7,0.0,4.428571428571429,0.045714285714285686,Low
3f9be91358837bff69df67edfa3e42e8,7,0.0,4.428571428571429,0.045714285714285686,Low
f805b96fa705ba7995a221f1749dc141,7,0.0,4.428571428571429,0.045714285714285686,Low
48985c61529077fa4f1e38bcff0f2ed3,7,0.0,4.428571428571429,0.045714285714285686,Low
83645b1645cdee8953ee54c29ceed564,14,0.0,4.428571428571429,0.045714285714285686,Low
d6ab728cf30867cf3f1a2e216ae2f9b7,14,0.0,4.428571428571429,0.045714285714285686,Low
a35124e2d763d7ca3fbe3b97d143200f,7,0.0,4.428571428571429,0.045714285714285686,Low
63b9ae557efed31d1f7687917d248a8d,7,0.0,4.428571428571429,0.045714285714285686,Low
71592660bbcb6a4664e97b6f8b68babc,7,0.0,4.428571428571429,0.045714285714285686,Low
f67efa3f0b6761102a7f8c6b7b571f5d,32,0.0,4.4375,0.04500000000000002,Low
de0c78824586e9a5f5f04fd84e25df39,16,0.0,4.4375,0.04500000000000002,Low
13c2ed7698b3ca92dad49e849219da59,9,0.0,4.444444444444445,0.044444444444444425,Low
d57e18d5f73c7ccb7f7339b61166898d,63,0.0,4.444444444444445,0.044444444444444425,Low
039b29ff3b3473435d0cd59040575de9,9,0.0,4.444444444444445,0.044444444444444425,Low
4da0e408c99d2fdc2126dc9fce518060,54,0.0,4.444444444444445,0.044444444444444425,Low
b8578d2d823bd8e251f6fdd02b40902d,9,0.0,4.444444444444445,0.044444444444444425,Low
72bc2cce903c872fe376a8faaa81d237,18,0.0,4.444444444444445,0.044444444444444425,Low
3076499bbc033a927bf4a8a41bcf7fd4,9,0.0,4.444444444444445,0.044444444444444425,Low
57e632711dec9ec14ca7546769483e7e,65,0.0,4.446153846153846,0.0443076923076923,Low
8ae520247981aa06bc94abddf5f46d34,65,0.0,4.446153846153846,0.0443076923076923,Low
d9bd94811c3338dceb4181f3dbc0c73e,61,0.049180327868852514,4.819672131147541,0.04393442622950827,Low
08084d990eb3f53af056ccbc1730c8a7,12,0.0,4.454545454545454,0.043636363636363654,Low
5f7300535881cef3b625fd683cf7d145,11,0.0,4.454545454545454,0.043636363636363654,Low
c72de06d72748d1a0dfb2125be43ba63,22,0.0,4.454545454545454,0.043636363636363654,Low
c5f7e746b7e6d07def6c0dae9903279b,11,0.0,4.454545454545454,0.043636363636363654,Low
670a9dda115b5a88b18cfadee8de2332,11,0.0,4.454545454545454,0.043636363636363654,Low
18e694e0e48ed6f7aa3f24aade5fd697,34,0.02941176470588236,4.676470588235294,0.043529411764705886,Low
325f3178fb58e2a9778334621eecdbf9,46,0.0,4.456521739130435,0.04347826086956524,Low
33a17d60c64393351ebf1ef860f4e0f2,47,0.021276595744680882,4.617021276595745,0.04340425531914896,Low
725c32fa80c2faacc4fc88450d27314e,93,0.010752688172043001,4.538461538461538,0.04337468982630273,Low
d921b68bf747894be13a97ae52b0f386,77,0.012987012987012991,4.558441558441558,0.04311688311688313,Low
c3e1abd72a42fe690fcd89cf5720fe29,13,0.0,4.461538461538462,0.04307692307692306,Low
bd4889b5e9133b35b66e42a8665cea5c,42,0.0,4.463414634146342,0.04292682926829264,Low
e9511df20ccd82658a30c37b7fb343af,30,0.0,4.466666666666667,0.04266666666666668,Low
6061155addc1e54b4cfb51c1c2a32ad8,33,0.030303030303030276,4.696969696969697,0.042424242424242385,Low
b1aaae6b66ad3c40f54b389d7ea4bee0,17,0.0,4.470588235294118,0.04235294117647057,Low
83e197e95a1bbabc8c75e883ed016c47,55,0.036363636363636376,4.745454545454545,0.04218181818181823,Low
8ed8ea9a57c862f2c18c2fe41f601d56,19,0.0,4.473684210526316,0.042105263157894736,Low
8602a61d680a10a82cceeeda0d99ea3d,19,0.0,4.473684210526316,0.042105263157894736,Low
acce39e832338debb07b02385cde5967,44,0.0,4.4772727272727275,0.0418181818181818,Low
e48b04bf1aa1ef711caebeb7aede6180,25,0.0,4.48,0.04159999999999995,Low
0ddefe3c7a032b91f4e25b9c3a08fca1,10,0.0,4.5,0.039999999999999994,Low
4d0041cdbe51b4617d95c70b19decc74,8,0.0,4.5,0.039999999999999994,Low
455c5640e8c5bd1b2ee85c0158f85727,8,0.0,4.5,0.039999999999999994,Low
baa49d93c8c8841e27400a300f5d74b2,6,0.0,4.5,0.039999999999999994,Low
70b52a4cfc823994561b00bad161b4ed,10,0.0,4.5,0.039999999999999994,Low
659e8466eb3ff1b0e8740d74fb7bbedd,14,0.0,4.5,0.039999999999999994,Low
6bb62a4912377c7bfe7cb17b406bc7e6,6,0.0,4.5,0.039999999999999994,Low
05feb94f19d094d4b0f9281f0b1d4c99,6,0.0,4.5,0.039999999999999994,Low
0ebd97a106433a45a4aebe57c1799778,32,0.0,4.5,0.039999999999999994,Low
67225bff54a172ff67579aaf583efd78,8,0.0,4.5,0.039999999999999994,Low
034b9387752bfa309f350a70cd45ffa3,8,0.0,4.5,0.039999999999999994,Low
2059c39f76271d4ca3f15b5ffaccc8b8,12,0.0,4.5,0.039999999999999994,Low
bbf9ad41dca6603e614efcdad7aab8c4,14,0.0,4.5,0.039999999999999994,Low
ead2bab70821ea148476ae9bc08548ac,9,0.0,4.5,0.039999999999999994,Low
e256a62e0ac58c0edfba09966142d561,14,0.0,4.5,0.039999999999999994,Low
d8c7ba53e7e38711eaef8c2849d6d2e1,22,0.0,4.5,0.039999999999999994,Low
8185694b58b2ba6de20fd41ae608bbea,8,0.0,4.5,0.039999999999999994,Low
5e105f5c9f63f5f1fd75d6cb942e55b1,8,0.0,4.5,0.039999999999999994,Low
c157bdeedcbc9a8e3c8bf0d87ff24428,10,0.0,4.5,0.039999999999999994,Low
88cf19ec1fc2c58f161aee259d57142c,14,0.0,4.5,0.039999999999999994,Low
ade45994b717ccee333492330fbf037b,10,0.0,4.5,0.039999999999999994,Low
5def4c3732941a971cba8fdee992ede1,6,0.0,4.5,0.039999999999999994,Low
b2a6d334e2833acea353624840e25a0e,26,0.0,4.5,0.039999999999999994,Low
9c3c24eca51c52b91c1de727d2a2ae06,6,0.0,4.5,0.039999999999999994,Low
7ade73f1b9b4e965f9009a4c3a7e2c15,28,0.0357142857142857,4.777777777777778,0.039206349206349224,Low
080199a181c46c657dc5aa235411be3b,83,0.012048192771084376,4.609756097560975,0.0384484278577726,Low
b347677812ea483b0f528eaf8cbc09b7,21,0.0,4.523809523809524,0.0380952380952381,Low
d06d019f72a04e5497a0b64190af170c,17,0.0,4.529411764705882,0.037647058823529415,Low
cfd7ddab722b902f7ac5b5f3ba6d723d,13,0.0,4.538461538461538,0.036923076923076927,Low
1f867308a0ce13133a4e639ff4de0c02,13,0.0,4.538461538461538,0.036923076923076927,Low
02ecc2a19303f05e59ce133fd923fff7,24,0.0,4.541666666666667,0.036666666666666625,Low
63a79f5a7eb5cb48a7e5787b141c7993,11,0.0,4.545454545454546,0.036363636363636334,Low
b81e3a6c866a764974fe849821abeebd,11,0.0,4.545454545454546,0.036363636363636334,Low
6bbcb8924baf70b7fe2fe2097e8cd407,11,0.0,4.545454545454546,0.036363636363636334,Low
817f85dbb65aa3e70831d90fe75cdf89,11,0.0,4.545454545454546,0.036363636363636334,Low
ef30892870c278497523264be1be2241,9,0.0,4.555555555555555,0.03555555555555556,Low
ed9eef5be0992d413d251fadba1a410d,9,0.0,4.555555555555555,0.03555555555555556,Low
cac876b37d3abcd6bd76caca30277996,33,0.0,4.5625,0.03500000000000001,Low
3fac58ce0ad699020c7944d53c41329c,16,0.0,4.5625,0.03500000000000001,Low
d66c11a9572221d92fbb8c4897db5f9b,16,0.0,4.5625,0.03500000000000001,Low
db46ca7bce82b11f7e247539271fc390,16,0.0,4.5625,0.03500000000000001,Low
ff1e15b778c700abdd4d239b81ac466d,7,0.0,4.571428571428571,0.0342857142857143,Low
3faf68a3b0af94b10bac70d86077be49,7,0.0,4.571428571428571,0.0342857142857143,Low
679769a98cfcc6da877c8486ff1c13f3,21,0.0,4.571428571428571,0.0342857142857143,Low
9fc70243fb26800cba56e8f014797004,7,0.0,4.571428571428571,0.0342857142857143,Low
bd4431c1a8dfa744b59e1e2a8bc99b9e,7,0.0,4.571428571428571,0.0342857142857143,Low
e4ebd3f87bf70440014f07ddda7fbe03,7,0.0,4.571428571428571,0.0342857142857143,Low
2cb6eb1b7185064167657fa09f541105,7,0.0,4.571428571428571,0.0342857142857143,Low
7354220fb240bde543b3c40c060d41e7,7,0.0,4.571428571428571,0.0342857142857143,Low
fa14641f57b655e933124a9ea49cd7a5,7,0.0,4.571428571428571,0.0342857142857143,Low
31561f325664a8a7aba4c8d0c3a9b3db,38,0.0,4.578947368421052,0.03368421052631581,Low
02f5837340d7eb4f653d676c7256523a,30,0.033333333333333326,4.833333333333333,0.03333333333333337,Low
49383af7ab774e4e8f3000f49c83dc4b,12,0.0,4.583333333333333,0.03333333333333335,Low
e882b2a25a10b9c057cc49695f222c19,58,0.0,4.586206896551724,0.03310344827586205,Low
8a2d12a90e92f012ce5226fc6592b653,18,0.0,4.588235294117647,0.03294117647058825,Low
33d677f27a69b84051204ee4ae76eaca,10,0.0,4.6,0.03200000000000003,Low
7a9c12e235c36247c3c81f50d6ea9cea,5,0.0,4.6,0.03200000000000003,Low
8fe8786ee000001ab51d030dfd4a7bf1,5,0.0,4.6,0.03200000000000003,Low
61b18775be84fb700a6b2d0ba097bf66,5,0.0,4.6,0.03200000000000003,Low
f92d8c817434bd2d84d4e9c61322b7fa,5,0.0,4.6,0.03200000000000003,Low
59cea8e446d3834393058e7e0666b6fb,10,0.0,4.6,0.03200000000000003,Low
392353362d22cc2c236e1ee81ff19890,10,0.0,4.6,0.03200000000000003,Low
4bcec44888b30ba9001234c534716d3f,5,0.0,4.6,0.03200000000000003,Low
70f84699be677ec988d1fa824aef7d90,5,0.0,4.6,0.03200000000000003,Low
ddd51ae8cda92f3995a51fc0f0f3eec7,25,0.0,4.6,0.03200000000000003,Low
117cfc326c6d50da67ca858ff5c0c852,5,0.0,4.6,0.03200000000000003,Low
2c4c47cb51acd5ea5db5e0ae0e26542a,15,0.0,4.6,0.03200000000000003,Low
fc38b5dceee1a730fad8853453437fbd,5,0.0,4.6,0.03200000000000003,Low
a4bd6e9adf39b63f43dc545d3ca1f53d,5,0.0,4.6,0.03200000000000003,Low
4b39558c138930b9e5489c93b6df5fe3,5,0.0,4.6,0.03200000000000003,Low
fec6275253471ace26d209bbaa64cd0f,10,0.0,4.6,0.03200000000000003,Low
debe6615cd90cc0c2eac2b8988e1f628,5,0.0,4.6,0.03200000000000003,Low
31eec405c9bb71dec8e2629a92e764fa,5,0.0,4.6,0.03200000000000003,Low
6338ea67c41078a46ad99cc009654956,44,0.0,4.609756097560975,0.03121951219512198,Low
06bb3a2fe5e7b7a845b13e8fb91bd944,18,0.0,4.611111111111111,0.031111111111111135,Low
eb72802c83dc7547529c9546d1a9b8ef,8,0.0,4.625,0.029999999999999985,Low
8fbd63429be6d3e5e6d1a709b6464802,8,0.0,4.625,0.029999999999999985,Low
34f563c82a85b99ae9e6d60db5fc2e28,8,0.0,4.625,0.029999999999999985,Low
8daab2245ebdc277c51098d01c5ad8ef,16,0.0,4.625,0.029999999999999985,Low
dace965ca58120f92f8d742a9fa1864b,8,0.0,4.625,0.029999999999999985,Low
70125af26c2d6d4ef401a1d02ae7701f,8,0.0,4.625,0.029999999999999985,Low
51e4e89242cbb846c2deff3dc015650e,16,0.0,4.625,0.029999999999999985,Low
fe1b067411b8c5066e962aa146ccee03,8,0.0,4.625,0.029999999999999985,Low
3a490ba60afa30ece0e7d50cfe74a4f0,8,0.0,4.625,0.029999999999999985,Low
7b98de631987e26dd6d803490c43a13c,8,0.0,4.625,0.029999999999999985,Low
1b45169b635ef59425637e9a33eb5fb3,8,0.0,4.625,0.029999999999999985,Low
e0eabded302882513ced4ea3eb0c7059,8,0.0,4.625,0.029999999999999985,Low
bc2ac6b95e1accce9858528ee566c17e,22,0.0,4.636363636363637,0.029090909090909056,Low
42ef3192a9ff87a22d1867b74b3ee205,23,0.0,4.6521739130434785,0.027826086956521712,Low
960945e1a9535cbc0cd6ddd35fbe7ae8,29,0.0,4.655172413793103,0.027586206896551738,Low
c70a353f02429c00775a46a75fb787da,6,0.0,4.666666666666667,0.02666666666666666,Low
3c010235b7345c92f125d14ee232a76b,15,0.0,4.666666666666667,0.02666666666666666,Low
c8cc60ffd415254af5d9b9f34f32c369,9,0.0,4.666666666666667,0.02666666666666666,Low
3d4b1ae7539303b5704493798893e82c,9,0.0,4.666666666666667,0.02666666666666666,Low
c2d70ce2c5d0a2eb75e78668236e6dc8,15,0.0,4.666666666666667,0.02666666666666666,Low
c3aad7dc65449ae90a5e9c3c6c1e78e0,6,0.0,4.666666666666667,0.02666666666666666,Low
f4a04f7be452aa3bb31760bf00055dd0,18,0.0,4.666666666666667,0.02666666666666666,Low
26785a546900236d66f2e4197c211158,15,0.0,4.666666666666667,0.02666666666666666,Low
077c5fae4bea9500e3737b16f71b9d3a,6,0.0,4.666666666666667,0.02666666666666666,Low
6b15924333bd1a741595fe981ea04822,21,0.0,4.666666666666667,0.02666666666666666,Low
28ea411b354f14b1a494be4e79f0ce02,6,0.0,4.666666666666667,0.02666666666666666,Low
cc3d14116804f7209f3884f6367f1152,30,0.0,4.666666666666667,0.02666666666666666,Low
866558b3bccef2dbc6d29a2b5995016f,6,0.0,4.666666666666667,0.02666666666666666,Low
f1fd5ab1181f827ffad998c1a5de7d74,15,0.0,4.666666666666667,0.02666666666666666,Low
7ff588a03c2aeae4fbd23f9ae64b760d,16,0.0,4.6875,0.025,Low
33cbbec1e7e1044aaf11d152172c776f,16,0.0,4.6875,0.025,Low
caa9bc43a9fe8cf9c564ddd8a03cc4a6,14,0.0,4.6923076923076925,0.02461538461538462,Low
26d6bbee02420494d471c9f6436929c0,13,0.0,4.6923076923076925,0.02461538461538462,Low
5bffbafbb22daf6d3bfc216a46db8708,23,0.0,4.695652173913044,0.024347826086956473,Low
79ed755314cfe6df0daef2c6cd3022cd,25,0.0,4.695652173913044,0.024347826086956473,Low
f326006815956455b2859abd58fe7e39,30,0.0,4.7,0.02399999999999998,Low
5c3460cd3e8a984382ae254e7dd20d9f,10,0.0,4.7,0.02399999999999998,Low
fac1a9017ade7bdc94058fc1c969f355,10,0.0,4.7,0.02399999999999998,Low
402916f742e5c740cc751493d9cf5053,10,0.0,4.7,0.02399999999999998,Low
671585f5a2af58b6e276bc01003c0d2b,27,0.0,4.703703703703703,0.02370370370370374,Low
2ff6b7bff164ef05590a52734e1296da,7,0.0,4.714285714285714,0.022857142857142868,Low
365e4bce19bda0082c3d15d83fdb8bcd,7,0.0,4.714285714285714,0.022857142857142868,Low
3f9c56764fabca627406093dcb3ef0b4,7,0.0,4.714285714285714,0.022857142857142868,Low
86ff3eaef0267069cc891a2ed9d10a17,7,0.0,4.714285714285714,0.022857142857142868,Low
0eaa7e33d73809f1f925f7d07c506cbd,15,0.0,4.714285714285714,0.022857142857142868,Low
55029529919c0123526150bd26ca8f20,7,0.0,4.714285714285714,0.022857142857142868,Low
6824a69c9ea0313eba299dd4a2dba09a,7,0.0,4.714285714285714,0.022857142857142868,Low
d2f3e277560ed4c6361284429b00f037,7,0.0,4.714285714285714,0.022857142857142868,Low
fadb07c842a2aef5d5a676b85f220e71,7,0.0,4.714285714285714,0.022857142857142868,Low
41da412d33e8da4f22baf55cb1bde82c,21,0.0,4.714285714285714,0.022857142857142868,Low
d197aa8fbc64087f61984deef05f6227,7,0.0,4.714285714285714,0.022857142857142868,Low
d566c37fa119d5e66c4e9052e83ee4ea,73,0.0,4.71830985915493,0.022535211267605604,Low
82cb9f452fe8334df74b22d37824b431,18,0.0,4.722222222222222,0.022222222222222233,Low
b8114f2f589a6804810f04f99b36b498,11,0.0,4.7272727272727275,0.02181818181818178,Low
f0e103c63864d5405b958d984b6e94c9,11,0.0,4.7272727272727275,0.02181818181818178,Low
89a51f50b8095ea78d5768f34c13a76f,11,0.0,4.7272727272727275,0.02181818181818178,Low
3d0cd21d41671c46f82cd11176bf7277,11,0.0,4.7272727272727275,0.02181818181818178,Low
013900e863eace745d3ec7614cab5b1a,26,0.0,4.730769230769231,0.02153846153846155,Low
7238a95bb63ef7e498389fb863b834a1,15,0.0,4.733333333333333,0.02133333333333334,Low
3785b653b1b82de85ab47dd139938091,24,0.0,4.75,0.020000000000000018,Low
985c92cc412091f8529c12d7f23d3fef,12,0.0,4.75,0.020000000000000018,Low
3d39fbf22a665714baf62fae36029e23,8,0.0,4.75,0.020000000000000018,Low
257e61d3251fb5efb9daadddbc2cf7ca,12,0.0,4.75,0.020000000000000018,Low
57fe6232e67823593374a2281d7a8af8,8,0.0,4.75,0.020000000000000018,Low
a06c8ff043abea0528ee44171e2140a2,8,0.0,4.75,0.020000000000000018,Low
024b564ae893ce8e9bfa02c10a401ece,8,0.0,4.75,0.020000000000000018,Low
60562ab00b8054280520d390c8c0045c,17,0.0,4.764705882352941,0.01882352941176473,Low
aac51c486b672a9850d59f3e84b1cf88,13,0.0,4.769230769230769,0.018461538461538484,Low
da6a60cc8cc724fe51be021ff8be779c,13,0.0,4.769230769230769,0.018461538461538484,Low
8a9260f2b0340411d6d2a56bcf4f7378,9,0.0,4.777777777777778,0.017777777777777806,Low
75a4764c108403a7a0575140cb22287c,9,0.0,4.777777777777778,0.017777777777777806,Low
8b2d4ab22f42c5cfc338b846decfda60,9,0.0,4.777777777777778,0.017777777777777806,Low
77e4abfd739aed9c46480f90f81c0eb4,18,0.0,4.777777777777778,0.017777777777777806,Low
134a288e7de827ec5ec62e3ec9c3a295,9,0.0,4.777777777777778,0.017777777777777806,Low
c0098efcf800861dcae589affca31408,9,0.0,4.777777777777778,0.017777777777777806,Low
f9ec7093df3a7b346b7bcf7864069ca3,9,0.0,4.777777777777778,0.017777777777777806,Low
e88c9b79e592e370d6bd852eeefbf057,9,0.0,4.777777777777778,0.017777777777777806,Low
52562a9f449c3dc3d53f5f5b9ed74903,14,0.0,4.785714285714286,0.01714285714285717,Low
0b18d63d0cd1d723567903fd34a07df2,14,0.0,4.785714285714286,0.01714285714285717,Low
cac63f48c38cd7d002a7e846dcd99a23,10,0.0,4.8,0.016000000000000014,Low
b76a1f8356322f12529c37b67d5c96c2,5,0.0,4.8,0.016000000000000014,Low
a5bff0f43eb51f0cad7c37fac7244c8a,5,0.0,4.8,0.016000000000000014,Low
2fb25ab44bdbeae6a4d816e0d0c9d500,5,0.0,4.8,0.016000000000000014,Low
4c1c7281388a33dd06daac44f9fadbd1,5,0.0,4.8,0.016000000000000014,Low
499ec63c58e51296c9cf57edcfe1c8a8,5,0.0,4.8,0.016000000000000014,Low
8b655f0855926bcb49f5835d38dfddf6,5,0.0,4.8,0.016000000000000014,Low
54583ab379489add547fe47b628db589,10,0.0,4.8,0.016000000000000014,Low
97e995629983723d11830a829bc2b246,5,0.0,4.8,0.016000000000000014,Low
ca77545ca4d2dfd1431bf61334e2fa3c,10,0.0,4.8,0.016000000000000014,Low
079d295dcbf06ee8bb1b65ba964eb2b6,10,0.0,4.8,0.016000000000000014,Low
38af8acfd46ac4a7bf754e8ca6736664,5,0.0,4.8,0.016000000000000014,Low
5f26c1408a65b42a7224cd463bdf3292,10,0.0,4.8,0.016000000000000014,Low
e53d5b9b29d1218281f4a907ada18626,5,0.0,4.8,0.016000000000000014,Low
3cfa1358a6caa965278721344c8d76f2,5,0.0,4.8,0.016000000000000014,Low
4221a7df464f1fe2955934e30ff3a5a1,5,0.0,4.8,0.016000000000000014,Low
e2a1ac9bf33e5549a2a4f834e70df2f8,5,0.0,4.8,0.016000000000000014,Low
b4b447d715f9ab302a188fb43d3e96b3,5,0.0,4.8,0.016000000000000014,Low
acf974e4d5950ad143a247471b831eb9,12,0.0,4.8,0.016000000000000014,Low
86bf77bdb52e615674772d5817c6212f,5,0.0,4.8,0.016000000000000014,Low
4391ea5c5990502176a1dcda44a2373d,5,0.0,4.8,0.016000000000000014,Low
da03c298e3999e9d828591fc2179d109,5,0.0,4.8,0.016000000000000014,Low
ef9952469137ff190bacafe117f51537,5,0.0,4.8,0.016000000000000014,Low
606ce7768feac12c5e8bd58db8b08f0f,5,0.0,4.8,0.016000000000000014,Low
a37c340b91cb0169e8b029db6440fba2,5,0.0,4.8,0.016000000000000014,Low
8060d731897e33b5c5ae575ce1e209e1,5,0.0,4.8,0.016000000000000014,Low
42fa4ee7240e9b8eb4576358ec142ba7,22,0.0,4.809523809523809,0.015238095238095273,Low
b080809eaacb49e5ca07290981472431,11,0.0,4.818181818181818,0.01454545454545455,Low
0ff83046c3fa22efee8ecf291888b191,11,0.0,4.818181818181818,0.01454545454545455,Low
d4f117125b59ce73c3302f88ee40c458,17,0.0,4.823529411764706,0.014117647058823568,Low
ae45df84722b1d15c5f32b23a095746c,12,0.0,4.833333333333333,0.013333333333333376,Low
5d76d80a2f5f39c891b996a1bf4c9853,6,0.0,4.833333333333333,0.013333333333333376,Low
457fe919b032a3f7dadba6fb92cf7855,12,0.0,4.833333333333333,0.013333333333333376,Low
698f5fa55a5f73d0740e9d9a773e8093,6,0.0,4.833333333333333,0.013333333333333376,Low
7f40d06aa0b5f1aa4f41af8c0480e2ef,6,0.0,4.833333333333333,0.013333333333333376,Low
bb2afe2061d53c6968aa0cffa233a8ec,6,0.0,4.833333333333333,0.013333333333333376,Low
9ed65337433adfbedefd23dd76eaa494,6,0.0,4.833333333333333,0.013333333333333376,Low
6c6e3d67f969468f3bfd33f827a31222,6,0.0,4.833333333333333,0.013333333333333376,Low
6b803197e03abd5056b4313306b4f29d,12,0.0,4.833333333333333,0.013333333333333376,Low
4ea2f12dbe91deeacd2c1e74f069a6e6,6,0.0,4.833333333333333,0.013333333333333376,Low
6e13dd869aa7185f601c941423abcc8f,6,0.0,4.833333333333333,0.013333333333333376,Low
101a3a003516bc11253298b2fad3cb65,6,0.0,4.833333333333333,0.013333333333333376,Low
33cbda8716511e27e556dff9d8418bf2,6,0.0,4.833333333333333,0.013333333333333376,Low
d6b664fa0667064c6d76394e7848d790,6,0.0,4.833333333333333,0.013333333333333376,Low
a72c2f59332659e361d647515c698798,6,0.0,4.833333333333333,0.013333333333333376,Low
30a81d8cf85fb2ada1b1b094c9583a95,20,0.0,4.85,0.01200000000000001,Low
b0f2a6122a90a93eb03e68653dd960e3,7,0.0,4.857142857142857,0.011428571428571477,Low
6989574bd97d9773f10d232b6c07da59,7,0.0,4.857142857142857,0.011428571428571477,Low
3ea00e1dea2b0659dbaf654735929220,7,0.0,4.857142857142857,0.011428571428571477,Low
e58a5b390e28abc0b216cfb0e07d27d7,7,0.0,4.857142857142857,0.011428571428571477,Low
0951a6e282947e09cd47969f4ed0b47f,7,0.0,4.857142857142857,0.011428571428571477,Low
c8e135e7b21ecbc36c1153a29d2f5a06,7,0.0,4.857142857142857,0.011428571428571477,Low
ce20a2ec1514c25e16f2b5b39bc818f0,7,0.0,4.857142857142857,0.011428571428571477,Low
ffad1e7127fb622cb64a900751590acd,15,0.0,4.866666666666666,0.010666666666666692,Low
c54679b132454625907c773d273d4126,8,0.0,4.875,0.010000000000000009,Low
b67d6c666e8dce1d078c882825e12704,8,0.0,4.875,0.010000000000000009,Low
f205b1a3ca9a34e0f8a228bae6e4c7b3,8,0.0,4.875,0.010000000000000009,Low
1bb3812d5f0747a3ab7348f199001a10,9,0.0,4.888888888888889,0.008888888888888858,Low
a478c7961d6a992065b24e63b366f90b,9,0.0,4.888888888888889,0.008888888888888858,Low
bd149ed516d4c5d418d5781f8e18919f,9,0.0,4.888888888888889,0.008888888888888858,Low
55dedd83e501d8248880557d9073cbfd,9,0.0,4.888888888888889,0.008888888888888858,Low
0bebbb2cea103a4a020c95d43fd7d754,9,0.0,4.888888888888889,0.008888888888888858,Low
f44b6f775a2b390380e0e30b5c9d3eee,10,0.0,4.9,0.007999999999999964,Low
5c030029b5916fed0986310385ec9009,10,0.0,4.9,0.007999999999999964,Low
2f4b0d3b9634b647d4edee577d7ebb7e,11,0.0,4.909090909090909,0.007272727272727275,Low
788e857f317e53de488d393e65a80f45,11,0.0,4.909090909090909,0.007272727272727275,Low
d4910f1cdcfdabd48d6b316e395d4a23,12,0.0,4.916666666666667,0.006666666666666644,Low
2d518637f53161b973e01f56ea4bb88e,13,0.0,4.923076923076923,0.006153846153846132,Low
9d681c7e12db302cb261e721040dde65,14,0.0,4.928571428571429,0.005714285714285694,Low
b1fecf4da1fa2689bccffa0121953643,20,0.0,4.95,0.0040000000000000036,Low
41c2bad7229b0c25e6becf179ebf63ff,23,0.0,4.956521739130435,0.003478260869565242,Low
334cab711dee080b079fa5779b584783,26,0.0,4.961538461538462,0.003076923076923066,Low
6548c2550b6e2d8f18053216e1c7b6f3,5,0.0,5.0,0.0,Low
23ca5f678e0b3ea6c630b30fa8bf51ea,7,0.0,5.0,0.0,Low
6c17baf138731a4aaacc3210adf2037b,5,0.0,5.0,0.0,Low
661ad5fcc28cdfb8bcadb12bb2272475,7,0.0,5.0,0.0,Low
48efc9d94a9834137efd9ea76b065a38,34,0.0,5.0,0.0,Low
20a7efa9721046319bdde5d60b6b5365,6,0.0,5.0,0.0,Low
ec933281fb017b5020d06df29c3f77e8,8,0.0,5.0,0.0,Low
71dc18fd8cbf5fd77f45dd8b427abb34,9,0.0,5.0,0.0,Low
adbe70ab2c97442046d393988c8d1d27,5,0.0,5.0,0.0,Low
4049512728d969bec69f84088b012416,9,0.0,5.0,0.0,Low
cf1313c6e2c01c2f4b014f97db4bcd2b,5,0.0,5.0,0.0,Low
269c5fc9fcadee614364c3620c30a1f9,6,0.0,5.0,0.0,Low
c03121937e54a93fcc1825c3098bbb6e,7,0.0,5.0,0.0,Low
a3b42d266fa8afc874b909422ce88582,6,0.0,5.0,0.0,Low
ab27bbbad5239bc31a34709275a70db4,11,0.0,5.0,0.0,Low
9c1c0c36cd23c20897e473901a8fb149,7,0.0,5.0,0.0,Low
5721089ba9214e80074f27d5a03fc0eb,7,0.0,5.0,0.0,Low
a64e44665225d19dfc0277eeeaaccc57,6,0.0,5.0,0.0,Low
297d5eccd19fa9a83b2630071ff105e4,8,0.0,5.0,0.0,Low
7f5e4d5efad7e44b91115dd1decb65f3,9,0.0,5.0,0.0,Low
94ca168e8bcb407ab85c5da308863027,5,0.0,5.0,0.0,Low
01ed254b9ff8407dfb9d99ba1e17d923,5,0.0,5.0,0.0,Low
53b0300ca793f9834cd69c0678d35ee8,10,0.0,5.0,0.0,Low
41e0fa5761c886a630994a55c12087e7,5,0.0,5.0,0.0,Low
293dee954235e4e4e43f129313625ebe,8,0.0,5.0,0.0,Low
762fafdaa57a532ee0119731697579dd,5,0.0,5.0,0.0,Low
0ad80de75c811326389cfb1daba7d45e,6,0.0,5.0,0.0,Low
e73bf2cea7fe4b0b4d287a7568ed1099,5,0.0,5.0,0.0,Low
c8c1bea22194a4eefa2dc9a9fa89f536,13,0.0,5.0,0.0,Low
39a5005f2605cbdb4f9ac14485cabfd1,8,0.0,5.0,0.0,Low
0c7f30ae9b147eca07affbef92832a6a,5,0.0,5.0,0.0,Low
f8d5c7085db9a4ad2b8c1ffbeb2798c8,6,0.0,5.0,0.0,Low
7994b065a7ffb14e71c6312cf87b9de2,7,0.0,5.0,0.0,Low
99a25c39b28a74d1151c35c18d178292,6,0.0,5.0,0.0,Low
a08692680c77d30a0b4280da5df01c5a,17,0.0,5.0,0.0,Low
186cdd1b2df32caa72cfb410bba768d3,6,0.0,5.0,0.0,Low
1cd9e0cc1839d55516843def5600816d,5,0.0,5.0,0.0,Low
09bad886111255c5b5030314fc7f1a4a,5,0.0,5.0,0.0,Low
404e1ba01358af4cd63f679b2c4d1fa1,12,0.0,5.0,0.0,Low
bdf0d02d36a1d839d0c39c4a887cdd49,7,0.0,5.0,0.0,Low
74871d19219c7d518d0090283e03c137,7,0.0,5.0,0.0,Low
2bd05d410a8fd26dc4184a15f4f2f588,7,0.0,5.0,0.0,Low
0b36063d5818f81ccb94b54adfaebbf5,15,0.0,5.0,0.0,Low
228e4c1a0be164f613d41c24345f9d2c,5,0.0,5.0,0.0,Low
b2eecf5ea250510da76590ca79d60e5d,11,0.0,5.0,0.0,Low
2addf05f476d0637864454e93ba673d5,12,0.0,5.0,0.0,Low
0570350b23eda5444f8d1d9544932058,11,0.0,5.0,0.0,Low
